id,Domain,Status,Attractiveness,Demand,Length,Registrar,Created,Expires
608b0695-7ea3-4f0b-8c8e-9115d9cfec78,drugs.app,resell,44,88,5,"GoDaddy.com, LLC",03/05/2018 16:36,03/05/2026 16:36
81292b2a-753f-42e9-90dc-2e535a6dd066,drugs.at,premium,44,88,5,,,
0416ff92-3eab-4760-a326-248df43cc612,drugs.co,resell,44,88,5,InternetX GmbH,25/02/2010 00:08,24/02/2026 23:59
510b2ca5-f04c-4de1-91d2-c268f2c2652a,drugs.online,premium,44,88,5,,,
350158b4-0119-4a9c-a832-91e1ba179c91,drugs.site,premium,44,88,5,,,
467d75e7-6bc1-43ef-b168-2bc01a8fb989,drugs.space,premium,44,88,5,,,
b6315921-40ef-46da-aae7-639512fe51af,drugs.store,premium,44,88,5,,,
56204bac-f537-4716-94d2-7dd895f2b82a,drugs.tech,premium,44,88,5,,,
0294ac90-4198-4611-98d4-ad261225745a,drugs.us,resell,44,88,5,"Wild West Domains, Inc.",24/04/2002 14:00,23/04/2026 23:59
e68ddde0-0e1a-4899-bea2-f07723e7ab3d,tablets.ai,resell,,36,7,Dynadot Inc,06/06/2023 16:47,06/06/2027 16:47
8b97fb0e-e8f3-48c9-909a-56ed038dc86b,tablets.app,premium,,36,7,,,
d701aaf4-fb9a-40fb-9e97-8ab46739dbd2,tablets.cloud,premium,,36,7,,,
f8a34a3d-61f6-494a-a5ae-98f2043d0f6d,tablets.dev,premium,,36,7,,,
eabbe9fe-935d-4966-aa9e-9f4fcf4fafbc,tablets.expert,available,,36,7,,,
5f12f30f-c199-4d4a-a8a7-d0c7c7a1456e,tablets.gg,available,,36,7,,,
d436b928-72a3-4673-93a6-784a3d78d4e9,tablets.io,resell,,36,7,"Spaceship, Inc.",07/05/2013 02:01,07/05/2026 02:01
c5738d6e-e6c6-4395-8722-3b73ee28d9db,tablets.it,resell,,36,7,,13/02/2010 05:26,14/02/2026 00:00
a00cd789-0243-4489-b387-90cb7fe91914,tablets.ninja,available,,36,7,,,
f4a8aeee-ec4f-4928-9381-862001d73880,tablets.online,premium,,36,7,,,
f96743f4-e6cd-4733-8c56-2641768077ed,tablets.site,premium,,36,7,,,
d78983cc-9e6d-4913-b2d5-ca26ae698bd9,tablets.so,available,,36,7,,,
d61ebf3b-1f7e-4e0b-87c3-4f740eb31647,tablets.space,premium,,36,7,,,
38ebc9e2-343a-4edf-ab70-f1de1198d09c,tablets.store,premium,,36,7,,,
bbb17f70-5199-4861-ba60-1cc80f012c75,tablets.tech,premium,,36,7,,,
949805cf-6e4c-4f47-96da-762f113e2f33,tablets.zone,expired,,36,7,"Spaceship, Inc.",27/04/2024 17:17,27/04/2025 17:17
342d5a4a-dacc-4643-9d9e-bc43449c6b2b,solutions.at,available,,56,9,,,
b2927401-e950-4a5e-953d-cf49bd3f08bd,solutions.cloud,premium,,56,9,,,
9a5d0af1-4875-42a8-8906-0f532d379b63,solutions.com,resell,,56,9,Dynadot Inc,19/10/1988 04:00,18/10/2025 04:00
bba29f98-e2cd-4784-a093-4055ff9731d1,solutions.dev,premium,,56,9,,,
9fbcd919-938a-4363-a9cb-0a19323c582b,solutions.me,resell,,56,9,Dynadot Inc,09/07/2008 17:08,09/07/2026 17:08
9a75b742-7d6c-420a-8b13-38bd3a0be8aa,solutions.online,premium,,56,9,,,
495e6631-6479-41b5-9826-e6615d955800,solutions.so,resell,,56,9,Dynadot LLC,21/12/2023 14:12,21/12/2025 14:12
45db63be-cc89-4324-89c2-45ac78b9f3b6,solutions.space,premium,,56,9,,,
c5d3d345-dc30-469a-9c7a-995c7ca5edd4,solutions.store,premium,,56,9,,,
26c56f31-aa66-4de1-9d82-e70ec5ec878a,solutions.tech,premium,,56,9,,,
84cd5c12-b92a-4240-8e45-47da1bc740c8,solutions.us,resell,,56,9,"GoDaddy.com, LLC",24/04/2002 14:04,23/04/2026 23:59
a28faa5b-5a70-4027-9b0f-8108c6648e68,therapeutics.at,available,,40,12,,,
ff23773a-d81a-410c-bc6f-83434c6010e1,therapeutics.cloud,available,,40,12,,,
46a8c0db-0cb2-4789-afdb-9e6e00ca8d1e,therapeutics.dev,premium,,40,12,,,
a98f4986-70be-4506-b21a-c80e602adac0,therapeutics.expert,available,,40,12,,,
742e2a35-a4aa-4b92-938e-6d103befa500,therapeutics.gg,available,,40,12,,,
c5c3ee22-db0e-41f9-b4e9-a4493689afd4,therapeutics.it,resell,,40,12,,16/04/2010 16:12,04/05/2026 00:00
bdd5ef2b-e2b8-4e52-8aa8-8e3d6e9b22f8,therapeutics.ninja,available,,40,12,,,
7fa1a188-b69f-4387-a8e7-5fdb773153bd,therapeutics.online,expiring,,40,12,"Sav.com, LLC - 48",04/08/2024 02:01,04/08/2025 23:59
90148d83-8d20-4cfd-b05c-9181995ddc98,therapeutics.pro,resell,,40,12,"Sav.com, LLC - 22",13/10/2024 17:00,13/10/2025 17:00
82457d3b-bf7d-4914-a9b9-2f640241901b,therapeutics.site,premium,,40,12,,,
f58b00b3-5ad6-4c40-af7f-e1ce3a211d0f,therapeutics.space,premium,,40,12,,,
59a626e8-8dfb-4361-9435-750ccaaf1faa,therapeutics.store,premium,,40,12,,,
f6585dbc-b9db-482b-9ce1-9a0e4f9d9cf6,therapeutics.tech,premium,,40,12,,,
469c886d-3898-4245-aa24-dece0bedacc6,therapeutics.us,resell,,40,12,Dynadot Inc,18/09/2021 07:58,18/09/2025 07:58
0d38259c-1aec-400e-9ac9-9a09bb0829aa,therapeutics.zone,available,,40,12,,,
5b4c3ca1-69e3-451a-a7d4-246aea9e9057,vaccines.app,premium,,28,8,,,
f617f31d-2e45-4c50-987c-b79400792837,vaccines.at,available,,28,8,,,
aa7aed5d-6b8a-4155-b8f4-5a1041d49d82,vaccines.cloud,premium,,28,8,,,
fc13dac3-9aa7-45b0-a4ed-3980ef6ef2c5,vaccines.co,expiring,,28,8,"GoDaddy.com, LLC",20/07/2010 18:05,19/07/2025 23:59
bd58472a-9479-42d1-8047-801c8777165f,vaccines.dev,available,,28,8,,,
a0087d05-b791-43b4-b139-e4c23e33afe6,vaccines.expert,available,,28,8,,,
11b44267-2cbc-41c5-ba0b-55c9e96c6541,vaccines.gg,available,,28,8,,,
e7ad442a-0768-4942-9074-b868761b10da,vaccines.it,resell,,28,8,,29/10/2009 17:10,22/11/2025 00:00
cfbced1f-c1ad-4f66-a289-011d5b98b21b,vaccines.ninja,available,,28,8,,,
9f8e718c-403d-461f-80d5-9507273f68c8,vaccines.online,premium,,28,8,,,
53fc8a16-e496-4533-8497-09dd8f34634d,vaccines.pro,resell,,28,8,Epik LLC,17/01/2023 17:00,17/01/2026 17:00
8b06d212-e870-4c0e-9973-96f890eb5578,vaccines.site,premium,,28,8,,,
89b4adcf-f75b-4ff1-8dec-6abe5567df95,vaccines.so,available,,28,8,,,
15667ae8-2551-4b0b-b966-512dd3fb2c3b,vaccines.space,premium,,28,8,,,
d63cdda3-26cc-45d7-a899-ca2733e9c3d5,vaccines.store,expired,,28,8,One.com A/S,05/05/2021 18:36,05/05/2025 23:59
a16913f0-9720-41d9-8651-329b15603776,vaccines.tech,premium,,28,8,,,
d3fa8de5-af69-4390-b6b0-724d50340070,vaccines.xyz,premium,,28,8,,,
11c88492-562c-422a-9683-c28524f62c43,vaccines.zone,available,,28,8,,,
ac3786db-525a-40b2-9f20-c5d33f1c50cf,capsules.at,available,38,44,8,,,
c9c8a4f5-7ed7-4df5-a5c7-606b8b37eea6,capsules.cloud,expired,38,44,8,Porkbun LLC,15/05/2019 21:12,15/05/2025 21:12
51586bc0-06cb-4aea-8508-6ad3384244db,capsules.co,resell,38,44,8,GrepApps Technology Inc.,06/10/2024 17:00,06/10/2025 17:00
07eb191d-8158-4e3c-b9e9-9a80ffeb189a,capsules.expert,available,38,44,8,,,
1e4c5f65-dd65-4d9a-9eb8-48550d695590,capsules.gg,available,38,44,8,,,
88cefa3b-3096-4227-82ef-f2e4ba685cfc,capsules.it,resell,38,44,8,,01/03/2010 17:01,08/03/2026 00:00
f694080c-150c-4e20-9c30-3aa293af5669,capsules.me,expiring,38,44,8,"Spaceship, Inc.",25/07/2024 17:07,25/07/2025 17:07
7c82b063-28c2-47fd-a572-0c97ff9f5ccb,capsules.net,resell,38,44,8,Dynadot Inc,29/07/2002 20:32,29/07/2026 20:32
6d13daac-c520-4ed2-9e0d-b5685b113200,capsules.ninja,available,38,44,8,,,
38ddd1e1-d797-4d9c-b7d9-39f6af0dfec5,capsules.org,resell,38,44,8,Dynadot Inc,12/08/2003 15:49,12/08/2026 15:49
e65d8b90-0da3-4370-a6e1-f854e9fe5bfe,capsules.so,available,38,44,8,,,
09f74231-88a6-4bcc-8b8f-38126ffb5e10,capsules.store,premium,38,44,8,,,
9683f375-25a4-4aff-89d1-a4fbdc8dd624,capsules.tech,premium,38,44,8,,,
1ac3942d-a2bc-44a0-9b22-2b7eb1a1790e,capsules.zone,available,38,44,8,,,
3229d8c0-0918-4492-a8e6-a598a6877269,therapies.cloud,available,,32,9,,,
b73ff565-dd44-4861-9f97-7dc959e27986,therapies.co,resell,,32,9,InternetX GmbH,30/11/2013 18:05,29/11/2025 23:59
ca5c6587-8319-4d0c-831c-8219bde0f64d,therapies.com,resell,,32,9,RegistryGate GmbH,14/03/1997 05:00,15/03/2026 04:00
a92c884b-d695-4521-8a12-fdc25361f6fc,therapies.dev,premium,,32,9,,,
3d90e0b3-bf17-4372-a1f7-7d853a95d38a,therapies.expert,available,,32,9,,,
0e1263c2-f542-44d1-bbf9-7c84a0c19f48,therapies.gg,available,,32,9,,,
5059abd8-82eb-4e83-893c-0e609be30505,therapies.it,resell,,32,9,,06/04/2010 21:32,01/05/2026 00:00
dc32b6fb-1621-4e65-8533-5d219b5e72f0,therapies.ninja,available,,32,9,,,
35c211bd-ef13-4589-85e5-6eb0f5e98b7d,therapies.online,premium,,32,9,,,
0359c9c0-df90-4a45-8657-578324226c8c,therapies.pro,available,,32,9,,,
29771587-6c83-4bec-b144-cdac2d0366df,therapies.site,premium,,32,9,,,
2bee79a9-638d-4dc9-8f03-b728b33af815,therapies.so,available,,32,9,,,
67650d42-6baa-49be-be4f-8e900d84e42c,therapies.space,premium,,32,9,,,
f0a6b675-fec1-4b5e-9a56-2c1c649aefb5,therapies.store,premium,,32,9,,,
cde72b33-1301-4432-8c78-bd9ba2dcef90,therapies.tech,premium,,32,9,,,
5abe902d-9589-4521-b1b9-05e9806c4e82,therapies.us,resell,,32,9,RegistryGate GmbH,27/02/2024 00:00,27/02/2026 00:00
1be7a5d3-ad7e-4dd1-8491-2f7f8520a019,therapies.zone,available,,32,9,,,
5acf49f6-04b2-4eb2-a92e-bddc12775e29,ointments.ai,available,,16,9,,,
627a15f6-51cc-4b28-963b-e8de00d599ad,ointments.app,available,,16,9,,,
86ebe2df-3cba-41a7-9971-1d0527e1d5e4,ointments.at,available,,16,9,,,
84db2d62-ec3e-48c9-b1f0-d0d63a3aac7a,ointments.cloud,available,,16,9,,,
7795848c-4e5e-443d-9b3f-f330b6eb11ba,ointments.co,premium,,16,9,,,
08278cdb-10ba-41d7-9326-74f417ef7215,ointments.dev,available,,16,9,,,
fb8b3978-2024-4ec9-bee5-d9d90f94a0b8,ointments.expert,available,,16,9,,,
475e561e-74d8-4a5e-b1b4-f8452ef2402b,ointments.gg,available,,16,9,,,
b2798b36-e423-4abc-8f49-d93611b00275,ointments.io,available,,16,9,,,
2a3f69f8-0325-4631-976d-a30db93215a2,ointments.me,available,,16,9,,,
56844644-fe71-4e9b-9290-55d5a37b0979,ointments.ninja,available,,16,9,,,
db43cc76-699c-4699-b7af-b9da6a40e127,ointments.online,available,,16,9,,,
963673de-cceb-448c-83cf-5f00a588e9da,ointments.org,resell,,16,9,"GoDaddy.com, LLC",15/07/2004 19:01,15/07/2026 19:01
ba4663bf-a512-4b80-970f-2a29b2a3f563,ointments.pro,available,,16,9,,,
1a84879c-fa0a-4785-81af-910950159676,ointments.site,available,,16,9,,,
5d787728-03e8-419a-a2e9-389047fc54ee,ointments.so,available,,16,9,,,
f94e324f-8c36-4a23-b886-d7e6e4642fae,ointments.space,available,,16,9,,,
b0369965-a8fc-4a8b-8c9a-f50504e67ff6,ointments.store,available,,16,9,,,
86cddff9-546f-4b3d-8740-82d659fef415,ointments.tech,available,,16,9,,,
682dd1b2-135d-4e9d-b931-9f4fa4ae6c19,ointments.xyz,available,,16,9,,,
30a08dc9-8e52-4ef3-afe3-ca7a9fec391e,ointments.zone,available,,16,9,,,
c099616d-056b-407c-be48-e28d8d654590,creams.at,available,40,36,6,,,
95ccac7f-c342-4a9e-978e-4116cab24e5d,creams.co,resell,40,36,6,"GoDaddy.com, LLC",19/09/2012 18:12,18/09/2026 23:59
6ce430ca-421e-4c15-8042-aa74869feef8,creams.dev,available,40,36,6,,,
7532808b-c192-40c3-9836-9c61396de965,creams.expert,available,40,36,6,,,
219e44dd-b41c-4c39-815d-9db6441af3b3,creams.gg,available,40,36,6,,,
bcf8c68c-d152-4792-a391-20d83257d7b9,creams.it,resell,40,36,6,,01/03/2010 16:59,08/03/2026 00:00
2efe1e0e-2781-48fd-9e7c-8941e0e6e5c6,creams.ninja,available,40,36,6,,,
871d0201-23f3-4a92-b4d8-6793fd0bfce6,creams.online,premium,40,36,6,,,
3d960428-7502-41c3-bf72-e3227b23de65,creams.org,resell,40,36,6,Tucows Domains Inc.,01/02/2000 01:32,01/02/2026 01:32
26a51f8c-2b59-4ce9-923c-7942e61b94e2,creams.pro,available,40,36,6,,,
585cb8ca-ec21-43ae-b726-b7842a8888ad,creams.site,premium,40,36,6,,,
dde9a74f-9a31-474b-b5be-2a078831926a,creams.so,available,40,36,6,,,
8b92f761-2b1e-4c50-9502-5856bf76b705,creams.space,premium,40,36,6,,,
f4fea254-5c9b-4da6-8d0c-a958dcf80609,creams.store,premium,40,36,6,,,
65a2d84c-1c3f-4f27-af57-cf26320e64c9,creams.tech,premium,40,36,6,,,
6493ea1f-b1a3-4419-9c84-5fb3977588b3,creams.zone,available,40,36,6,,,
2d5cffe0-d4c9-4a3f-8fe9-6bf824826ae2,gels.ai,resell,40,32,4,Dynadot Inc,12/05/2024 03:47,12/05/2026 03:47
20fc8415-ac43-478a-8be2-aea7f2482935,gels.app,available,40,32,4,,,
b136416e-e851-4953-a69d-22d167c3247a,gels.at,available,40,32,4,,,
a410759b-a4cb-4545-8037-7b5cce1dce16,gels.cloud,available,40,32,4,,,
fb5d097b-efc0-4886-a89e-81bf8326c545,gels.co,expiring,40,32,4,"Spaceship, Inc.",20/07/2010 18:09,19/07/2025 23:59
1022b20c-9f52-45e6-a2a6-1e51ef465bad,gels.com,resell,40,32,4,EuroDNS S.A.,20/11/2000 13:36,20/11/2025 13:36
f43b177c-5cae-46e0-b64f-2fad8eb7ab66,gels.expert,available,40,32,4,,,
99703a17-9cad-4d48-8106-9a733e4ec8b7,gels.gg,available,40,32,4,,,
cc070782-e85d-47ef-80dc-54d84b46e27a,gels.ninja,available,40,32,4,,,
725cef2c-6712-4bda-bb27-d59ff70f539f,gels.online,premium,40,32,4,,,
eca47c5f-329c-4005-9bf9-70041d82dbee,gels.org,resell,40,32,4,"GoDaddy.com, LLC",18/01/2001 04:15,18/01/2026 04:15
56cef6f9-c4df-446e-8da1-24cf6665d02b,gels.pro,available,40,32,4,,,
d89f2fa1-8823-4d79-ae7c-254f4c942607,gels.site,premium,40,32,4,,,
89c6c217-a943-442e-af07-019f87c9658f,gels.so,expired,40,32,4,,,
2a111bb3-bd80-4a23-a32f-eafaaac50b69,gels.space,premium,40,32,4,,,
1cbd1a43-1061-47d9-8a0a-62347c04c873,gels.store,premium,40,32,4,,,
62e9dfa0-2a7c-43da-affa-6cddf6f54978,gels.zone,available,40,32,4,,,
7c98397c-f8ae-4da0-9f5c-87530f19de64,prescription.ac,available,,13,12,,,
f01054d3-0b43-42c1-80e7-c5fdc062e92c,prescription.academy,available,,13,12,,,
4d4ac4f3-7df6-4727-8395-14a70de880b1,prescription.accountant,premium,,13,12,,,
269c3835-43b2-4e4b-b749-f7fad8c5e67d,prescription.accountants,available,,13,12,,,
c9fb7fa4-b530-4136-9b3b-767cfe8b343e,prescription.actor,available,,13,12,,,
6cf3b597-42d1-46f6-8891-9506ec6af5fe,prescription.adult,available,,13,12,,,
e6fc2b5a-ec52-4851-8fae-f93297cde84f,prescription.ag,available,,13,12,,,
8de17a31-d283-46c8-ab01-ef09b3de6f33,prescription.agency,expiring,,13,12,"NameCheap, Inc.",23/12/2024 09:08,23/12/2025 09:08
e493a3d0-c2c6-4319-9957-12292da2f442,prescription.airforce,available,,13,12,,,
86827dd9-1357-4e4b-8378-5ee513bb05af,prescription.apartments,available,,13,12,,,
c7061d98-6edd-4cbe-9950-c8651122abd6,prescription.archi,available,,13,12,,,
89ca1f96-aecd-480f-a133-7bd547cd4ddd,prescription.army,available,,13,12,,,
dcd18902-f12f-44a0-a787-56befb43a056,prescription.art,premium,,13,12,,,
92aad6bc-f6a3-449b-a90f-c14ade553d8e,prescription.asia,available,,13,12,,,
8f944846-3cbb-4702-bb22-a99af20e5bc0,prescription.associates,available,,13,12,,,
8fd32ee6-3944-4ba1-83e2-b17afa5499f4,prescription.at,resell,,13,12,EWBCD GmbH ( https://nic.at/registrar/750 ),,
526c45c8-0aeb-4457-ac2e-2b5173ba51f2,prescription.attorney,available,,13,12,,,
6fd436c3-6ce9-4a23-832f-ca40bf7716c3,prescription.auction,available,,13,12,,,
be84a81e-429a-45b6-88da-a18bf13f5a17,prescription.audio,available,,13,12,,,
6a4db74b-3b84-4c46-baec-d69a749979fb,prescription.auto,available,,13,12,,,
a96666d9-9818-4a6f-bc3b-81ddc01f86c3,prescription.autos,available,,13,12,,,
ae7ccac1-37cf-4011-8e1a-9b67b2aafb89,prescription.baby,available,,13,12,,,
8568e688-3319-4824-8ba8-c7179030c949,prescription.band,available,,13,12,,,
a9e873d5-014e-4df9-b3f9-9f3921e218e9,prescription.bar,available,,13,12,,,
6a9ef9fa-b7cd-4d94-8664-42678fd48a36,prescription.bayern,available,,13,12,,,
ae25a939-b331-403b-8113-b7bab4328696,prescription.beauty,available,,13,12,,,
1f441add-5bff-4e7a-a54c-5cc6c78287d0,prescription.berlin,available,,13,12,,,
00fe6fb2-6687-41df-beb7-bb51eafde3b8,prescription.best,available,,13,12,,,
62a3b739-ea4b-4f57-bdf6-8dcc2b9e8a11,prescription.bet,available,,13,12,,,
e1a96c57-22ab-4cda-9502-0b25784078c8,prescription.bid,available,,13,12,,,
8f5d2f9d-2f24-468f-9d06-7e536155faad,prescription.bike,available,,13,12,,,
3bc0a7e6-4857-4e4c-a3b8-3ca26dac4140,prescription.bingo,available,,13,12,,,
4ee0a77d-998f-43a8-ad3a-cf12de87fe61,prescription.black,available,,13,12,,,
5ae5cab0-762a-48d0-92b2-1c04a3775ba2,prescription.blackfriday,available,,13,12,,,
3231775e-4301-45f0-adb6-662aac80c8eb,prescription.blog,premium,,13,12,,,
4d246475-78a2-4dd3-a694-ff0676e8927f,prescription.blue,premium,,13,12,,,
f374a140-479e-4d5c-9681-2b51a385e57b,prescription.boats,available,,13,12,,,
504d5678-aac9-4253-b1dd-49adcb393f44,prescription.bond,available,,13,12,,,
3255322c-736b-4daa-b911-972f5faec0f2,prescription.boo,premium,,13,12,,,
894f81c2-6350-4789-924d-5102765066ea,prescription.boston,available,,13,12,,,
eb10b65a-6078-46b9-801b-23ae245c0bfa,prescription.bot,resell,,13,12,"Dynadot, LLC",21/05/2025 03:55,21/05/2026 03:55
0ea947e8-e8cf-4831-b53c-e1d049298042,prescription.boutique,available,,13,12,,,
50803ed8-80e8-4dbe-bd71-c297134fd1a1,prescription.build,available,,13,12,,,
82871f8d-1655-4b28-9c9a-3098b9e7a120,prescription.builders,available,,13,12,,,
2853f2fe-d072-4777-b25b-b0e5e72109ff,prescription.business,premium,,13,12,,,
7f179e2f-2031-4c6e-be6c-4b18288748e8,prescription.bz,available,,13,12,,,
96de21c7-86a3-4010-90dc-02687a011e69,prescription.cab,available,,13,12,,,
4c018f30-d1c9-4742-8c78-81aa29d71898,prescription.cafe,available,,13,12,,,
dd3dba78-d5cd-44c8-9266-39b7c8c2de05,prescription.cam,available,,13,12,,,
d6db64a4-2011-4177-9848-684273771f4b,prescription.camera,available,,13,12,,,
4b314758-dd58-4d76-bb88-18cdafccf393,prescription.camp,available,,13,12,,,
7be7704f-18bb-4a8c-ab72-7e77ccba723f,prescription.capital,available,,13,12,,,
65964e4c-0bc1-4360-a8e4-10c877437a5b,prescription.car,available,,13,12,,,
8507c859-43fe-4bae-b9eb-b6eec04647c8,prescription.careers,available,,13,12,,,
8e4614c5-24ff-48bc-9aee-0a75501ee742,prescription.cars,available,,13,12,,,
a6ff9ffb-3f88-4dc1-b6e7-3200350c1e44,prescription.casa,available,,13,12,,,
029e0771-70cd-4136-9b0c-ad57f86fcc74,prescription.casino,available,,13,12,,,
a53d4128-0106-49bd-b7bf-5c8c10e62e32,prescription.catering,available,,13,12,,,
72fd16ea-d0d3-4bac-b0aa-55ebc378f6e9,prescription.ceo,premium,,13,12,,,
6740b804-6285-4033-9f61-e5cf320245bc,prescription.cfd,available,,13,12,,,
6ce096bf-aab6-41bb-9b05-89ce8441c5a2,prescription.charity,available,,13,12,,,
1c674a2b-220f-49cd-94ca-2bd4fdcee9ed,prescription.chat,available,,13,12,,,
9305e0af-43a7-48cf-b4c3-0832d5896e50,prescription.christmas,available,,13,12,,,
a3938b7b-e24f-4da3-8c56-f53f24354709,prescription.church,available,,13,12,,,
3b7a8bab-b70b-49ba-ba46-f11b2715decc,prescription.claims,available,,13,12,,,
d8350b39-b2ec-4869-9395-939bf120bc5e,prescription.cleaning,available,,13,12,,,
566a9400-cc04-42a5-aef4-ec55d171c247,prescription.click,available,,13,12,,,
0e15cc2a-c97a-4063-8ed4-d8415a199add,prescription.clothing,available,,13,12,,,
1a0e820d-5e94-456c-b8ae-d6d30f45ae3c,prescription.cloud,resell,,13,12,"XIAMEN CHINASOURCE INTERNET SERVICE CO., LTD.",17/05/2025 12:37,17/05/2026 12:37
19360392-46e7-41ff-b730-0a7701782341,prescription.club,expiring,,13,12,"GoDaddy.com, LLC",03/11/2023 21:02,03/01/2026 17:11
df93e89e-4b0c-4210-a9bb-63f440dce32f,prescription.coach,available,,13,12,,,
34f1b18c-3b7a-46c4-b196-2369255c300c,prescription.codes,available,,13,12,,,
d62bb2e1-3135-4bb5-8df6-9b1fb029d3d1,prescription.college,available,,13,12,,,
5bc5b32f-5911-407d-9d2d-b2216ae25f46,prescription.community,available,,13,12,,,
e29d2641-e0eb-4d77-8e4a-13a17e8ede86,prescription.company,premium,,13,12,,,
c39d2622-9e04-4213-ab44-d08125788af6,prescription.computer,available,,13,12,,,
88d94555-84b6-40f8-99b7-90d6fb189810,prescription.condos,available,,13,12,,,
0d6d2313-d104-4b27-89bf-f82d09fbc7b4,prescription.consulting,available,,13,12,,,
5af8a48a-bb17-4d5f-a2a4-70cad71b30f8,prescription.contact,available,,13,12,,,
decbfdc8-512b-4b68-bd19-cec2f74cde63,prescription.contractors,available,,13,12,,,
bcd26043-ee66-45b7-af37-31f585da7ac5,prescription.cooking,available,,13,12,,,
5be12bb8-aa6d-4296-bf88-c8cd46573d27,prescription.cool,available,,13,12,,,
354f8365-3a98-4167-9e3b-5ee24381300b,prescription.country,available,,13,12,,,
b368727e-5bb0-4b3e-98ee-94ee65cab47b,prescription.coupons,premium,,13,12,,,
88b0962d-45e9-44d6-aa77-a18573ea0a9c,prescription.courses,available,,13,12,,,
b2837722-1b32-4b19-aba0-40d0ed5e93c1,prescription.credit,available,,13,12,,,
2269a104-b606-4ef0-8b5c-50b02e9cceab,prescription.creditcard,available,,13,12,,,
8add524d-a365-4e4d-b5b8-6a7a7843b2bd,prescription.cricket,premium,,13,12,,,
0157ca6d-6dc0-4aba-8eeb-175fbcc5334d,prescription.cruises,available,,13,12,,,
a31db4b7-55e7-4945-8662-160f5cbd439b,prescription.cv,available,,13,12,,,
a23cc5c5-bfba-4585-ae74-627553106095,prescription.cx,available,,13,12,,,
d5113a92-d7d0-45e8-a0bc-1e73c3238181,prescription.cyou,available,,13,12,,,
b5f70454-b9c7-49ef-9c98-4aa3909a91b2,prescription.dad,premium,,13,12,,,
8375626b-356e-40d2-ac16-03b27d318e39,prescription.dance,available,,13,12,,,
9503f403-2338-4d4d-bd5c-c76c155b88b2,prescription.date,premium,,13,12,,,
8d5da9b9-727a-47ac-9de7-2cec83ddb4ae,prescription.dating,available,,13,12,,,
c99f8639-bdef-414d-bd3b-153456c55962,prescription.day,premium,,13,12,,,
68545ef3-752d-4ea5-a21a-b16d9616684e,prescription.de,resell,,13,12,,,
4834d55a-ae07-4c66-96c9-2269a2a893f2,prescription.deal,premium,,13,12,,,
76534bc9-a35e-42e1-95e4-a12f7d8efcaf,prescription.dealer,premium,,13,12,,,
fc8b4c15-252f-4211-8f07-54c4b06e9247,prescription.degree,available,,13,12,,,
81a3b55d-95fc-4f4e-a9d6-803f179cc819,prescription.delivery,expiring,,13,12,"NameCheap, Inc.",29/12/2018 05:03,29/12/2025 05:03
687796eb-1aef-497b-b947-1d8c7ead70e1,prescription.democrat,available,,13,12,,,
b8b7838d-e759-4276-b4ad-ef68e8b2301c,prescription.dental,available,,13,12,,,
d9afd1d2-36cd-49e6-bc80-2944d8d30dcb,prescription.dentist,available,,13,12,,,
8b860b9d-31bb-406b-956a-96ac79f1fc38,prescription.diamonds,available,,13,12,,,
1f529cfa-86da-40e4-96f2-82c6a968ac81,prescription.diet,available,,13,12,,,
f1ea3757-b213-4d4c-a43e-c242f8abf4d9,prescription.directory,available,,13,12,,,
5840ec9a-9b1b-43bb-b2d8-4180d61adecd,prescription.discount,premium,,13,12,,,
fce266a1-04ed-4695-bde9-917b503765f8,prescription.diy,available,,13,12,,,
20ecb019-ef54-441e-8120-71b2957bc0f5,prescription.doctor,resell,,13,12,"Spaceship, Inc.",02/11/2016 16:00,02/11/2026 16:00
36d85dda-3bb8-4a88-aa12-d273297e58f9,prescription.dog,available,,13,12,,,
4228bdd1-e629-4beb-8a85-8047dfbb4c26,prescription.domains,available,,13,12,,,
6e1bb6b3-6941-4b3a-96ea-979da4bba30a,prescription.download,premium,,13,12,,,
239e07d8-b27c-429b-a28f-883fe3ac45e3,prescription.earth,available,,13,12,,,
e48ecc60-6af4-4413-a98a-63ea7c994963,prescription.energy,available,,13,12,,,
3262745d-fa4e-49dc-9ab0-db663600ccc5,prescription.engineer,available,,13,12,,,
7c0e9893-5db9-4462-865e-e85c84c3f0c8,prescription.engineering,available,,13,12,,,
1b9fd56d-2da0-4f8d-8588-523d39757a03,prescription.enterprises,available,,13,12,,,
3ec44ac0-0311-40c9-9031-d0afb26db7fe,prescription.equipment,available,,13,12,,,
d6a72593-c2a2-4450-8325-4f4e559008bb,prescription.esq,premium,,13,12,,,
fa25c276-8bb7-42f5-b4f3-c6514ba2717c,prescription.estate,available,,13,12,,,
83256ace-eb8d-41ca-a4da-e7aa0fc00f9d,prescription.events,available,,13,12,,,
dec8d525-00b6-420a-9c03-3f38d1d7029f,prescription.exchange,available,,13,12,,,
1c72355d-9d2b-415d-b2d9-f41286705c81,prescription.expert,available,,13,12,,,
e689bb56-a35e-495b-8fa0-ac8b8a35e06e,prescription.exposed,available,,13,12,,,
dd2e9bfa-e1ab-4d89-8c9d-5f551a4c2429,prescription.fail,available,,13,12,,,
81a62c0b-00b8-4742-ac7a-656968dc147d,prescription.faith,available,,13,12,,,
94714d11-0eea-484f-8f3f-37c5c5cb6720,prescription.family,premium,,13,12,,,
66a4a69c-19e8-457b-b5f8-f55297c33294,prescription.fan,available,,13,12,,,
f2a3047a-c8ef-4df1-881c-952f3500fdf3,prescription.fans,premium,,13,12,,,
a9a583d4-66d3-4d00-9383-5044d88c3d92,prescription.farm,available,,13,12,,,
a00f704c-e2e9-44e8-8d9c-36493706a45b,prescription.fashion,available,,13,12,,,
6afc6ddf-9527-4a5b-9dc5-e7251db6c935,prescription.fast,premium,,13,12,,,
6309b8eb-8efc-46e7-82ed-a24900524ea1,prescription.film,available,,13,12,,,
ac8902db-33e3-418c-bf1e-acfb9a09caf4,prescription.finance,available,,13,12,,,
2e2f6bfc-8f9b-48dc-8146-76262d84a994,prescription.financial,available,,13,12,,,
0c4dbd76-4739-40a0-89fe-0ae9d960b352,prescription.fish,available,,13,12,,,
60933fed-126b-4840-ab54-9548badb8837,prescription.fishing,available,,13,12,,,
8c1fc4c4-f615-463e-b8b2-f7420ab30e4f,prescription.fit,available,,13,12,,,
72ef222f-04fb-4e8d-9cea-b7cdddd99ccc,prescription.fitness,premium,,13,12,,,
be7b3a6b-c5c7-4f32-92f5-86ea4f709c8d,prescription.flights,available,,13,12,,,
a86248a5-6d6e-4623-8ff0-16462db2d1cc,prescription.florist,available,,13,12,,,
042686fd-db9e-4d39-85cd-5c725181a28c,prescription.flowers,available,,13,12,,,
cab67d6a-ec9b-43cf-9f17-3686af35d70c,prescription.fm,available,,13,12,,,
bce66902-1b05-4c6a-99ed-df5f3832d18a,prescription.foo,premium,,13,12,,,
2c26be94-cfd2-4aa8-b633-be47ebd9cbb3,prescription.food,available,,13,12,,,
969f0c9e-15b4-4641-b6f2-18f92582bc6c,prescription.football,available,,13,12,,,
586211a1-7f8c-406a-976c-213b55e79b9a,prescription.forsale,premium,,13,12,,,
43c0f4c3-7691-402e-a1b4-6ab5ee099d22,prescription.forum,available,,13,12,,,
93772499-3490-4009-b30d-b194f2e16f4d,prescription.foundation,available,,13,12,,,
ea778c17-3d71-4bbb-a7c5-a25f0089edf9,prescription.free,premium,,13,12,,,
a3550375-e8c9-4595-b905-886d3a589073,prescription.fun,premium,,13,12,,,
4e0ba8a5-65cc-4311-b1d8-45b436330246,prescription.fund,available,,13,12,,,
4dbf277a-3def-45d7-ae13-d95acfc344c0,prescription.furniture,available,,13,12,,,
9abfa580-4a72-4a33-bd49-f83cc51da138,prescription.futbol,available,,13,12,,,
f2febd8f-c367-42f1-80f3-58a80d02a8ad,prescription.fyi,premium,,13,12,,,
c1d052c6-ef6f-4663-a1bf-1c97b1d74fae,prescription.gallery,available,,13,12,,,
b6e5b9ca-2d27-4cd9-b97d-634cacbb7ee3,prescription.game,available,,13,12,,,
2e28f753-366a-4ed9-9f0a-4b9dee0a69d2,prescription.garden,available,,13,12,,,
c1f5d1a3-668f-4456-96dc-70793f5b875e,prescription.gay,available,,13,12,,,
53162cd8-28c0-4780-a573-91228f5fc82c,prescription.gg,available,,13,12,,,
881dfcee-d640-48db-9a5d-f72378345f19,prescription.gift,available,,13,12,,,
0b86a36c-b77b-48d4-ab02-91ea978c9443,prescription.gifts,available,,13,12,,,
020d6a79-ee4f-4648-9fec-3b1a9ee6aca9,prescription.gives,available,,13,12,,,
ce75d575-bff7-4558-91c5-d474c079158b,prescription.giving,available,,13,12,,,
03f22a09-d593-4cf9-8fb5-e841fe85e637,prescription.glass,available,,13,12,,,
04fbca4a-5e92-413f-894d-2bf68c9546d6,prescription.global,available,,13,12,,,
5c7e6aa3-db79-4183-a4a6-9d8002e6e5f8,prescription.gmbh,available,,13,12,,,
4f8da898-51f0-4c49-96e8-f93a73f25105,prescription.gold,available,,13,12,,,
d0bda0cb-4304-43f7-9526-70e147bdd736,prescription.golf,available,,13,12,,,
9dd7499e-add4-4610-a2d3-d27af858e857,prescription.graphics,available,,13,12,,,
75612e7c-c982-430e-89e2-aa7acefa0d36,prescription.gratis,available,,13,12,,,
6e0f7d09-1851-4bec-b68a-8cf7cf89f020,prescription.green,available,,13,12,,,
cb4f00ea-893c-4554-9528-94bb667a7187,prescription.gripe,available,,13,12,,,
3edfcb86-3439-4769-8d27-1453eff97132,prescription.guitars,available,,13,12,,,
b11a55df-5d56-4689-a525-068654f54f97,prescription.guru,available,,13,12,,,
9537db66-6b55-4354-b3d2-ff11a1ed9fe3,prescription.hair,available,,13,12,,,
4ce56641-b7a4-4402-8181-79e5e59ede86,prescription.haus,available,,13,12,,,
4c726dcb-03a3-46c6-8d87-954e66bd4b8a,prescription.health,resell,,13,12,"GoDaddy.com, LLC",08/11/2023 00:46,08/11/2026 00:46
9ec7873f-08ce-40b9-9a8d-2d2c95d37c61,prescription.hiphop,available,,13,12,,,
dbae50f7-38a8-4293-9108-6b387cd86847,prescription.hiv,available,,13,12,,,
291cc07b-9e9b-4983-b2da-d36bf0bf5e9e,prescription.hockey,available,,13,12,,,
600e95e4-5901-44b1-95e5-88bf4e49467b,prescription.holdings,available,,13,12,,,
4934dd2e-3dbd-48cd-87f7-988a0dd0ef57,prescription.holiday,available,,13,12,,,
773d774c-99cc-4b85-b6f7-7553667ec527,prescription.homes,available,,13,12,,,
0032be22-78e2-407a-ab49-1a6ae7fac889,prescription.horse,available,,13,12,,,
5442bb86-d09d-4d0a-94f5-45e41cb46716,prescription.hospital,available,,13,12,,,
479cea50-1567-4caf-bbdc-1bc792ab666f,prescription.host,available,,13,12,,,
794fc0f9-841b-45b0-b624-f5b6dac0de16,prescription.hosting,available,,13,12,,,
120222d0-e529-4fbe-aa79-0815ef4e59d0,prescription.hot,premium,,13,12,,,
1f47fef0-4480-48cf-9b96-9661f0a84668,prescription.house,available,,13,12,,,
c7380a82-f1a8-4afe-8617-95417bc05b6b,prescription.how,premium,,13,12,,,
be66b499-3bcd-4b03-8961-7bf167f93882,prescription.icu,available,,13,12,,,
55ba1a1f-0b83-4c57-a3c9-96e2968ecf1f,prescription.im,premium,,13,12,,,
c31245a5-87be-4b0d-b842-f29d505fed8e,prescription.immobilien,available,,13,12,,,
4fe0a468-4b04-4945-852a-ba91872a5ca4,prescription.inc,premium,,13,12,,,
a5133f0a-ae16-4ac9-927d-e581e7f878ac,prescription.industries,available,,13,12,,,
326f0597-1761-42f3-b457-8697063fa43d,prescription.info,resell,,13,12,"Sav.com, LLC - 33",05/05/2025 15:15,05/05/2026 15:15
51227b56-5173-4e9a-84f8-f4acde63da63,prescription.ing,premium,,13,12,,,
378cb5cf-66bc-490b-9e36-2a6c330f9e8c,prescription.ink,available,,13,12,,,
8b6c3c40-c6c1-42ff-be7e-d4c5b16d99e8,prescription.institute,available,,13,12,,,
951970e4-1d24-4f34-bf9e-825e37368c38,prescription.insure,available,,13,12,,,
c1089bc6-0ac5-4e94-81ea-529a87d1cfc4,prescription.international,available,,13,12,,,
f137867f-fd9d-4a82-b3cc-a524a314b483,prescription.investments,available,,13,12,,,
e41a9703-20d9-447e-b5e8-d817d3032f3a,prescription.irish,available,,13,12,,,
4bac760c-6832-41c9-ab1b-3ca40c48f347,prescription.it,resell,,13,12,,23/10/2009 15:33,09/11/2026 00:00
e6980294-1151-40b2-bdd5-539381b8e7b0,prescription.jetzt,available,,13,12,,,
d37b1d5c-1c1a-4a3d-a509-69fff48db135,prescription.jewelry,available,,13,12,,,
8e108ef9-fefe-43ea-8243-01af9536558b,prescription.juegos,available,,13,12,,,
a7ddfa91-5261-45db-bbb6-deee4faf1f8e,prescription.kaufen,available,,13,12,,,
e931116c-3343-4958-9b74-64aba2443ffc,prescription.kids,premium,,13,12,,,
266c6c14-e2e2-4d74-80be-fb029732ebbd,prescription.kim,available,,13,12,,,
fd331d91-c9ef-4971-b64e-39cef87ff667,prescription.kitchen,available,,13,12,,,
fce3dd20-048e-415e-9f5c-ec0abe4532cb,prescription.la,resell,,13,12,LA Domain Names,25/04/2018 23:02,25/04/2026 23:59
adce3018-a1f5-4aa7-b6ba-c9f69920c456,prescription.land,available,,13,12,,,
62abfce8-cf46-4ec5-bd6c-40e71c5a4159,prescription.lat,available,,13,12,,,
317b1b20-6d4c-4a6b-a0e9-7cf2b71fa161,prescription.law,available,,13,12,,,
60bc5f40-23dd-43dd-b154-df78fbd18b46,prescription.lawyer,available,,13,12,,,
b1bbe537-345b-4f93-aa56-5e9a84c2fa4e,prescription.lease,available,,13,12,,,
31eec803-15d7-46b5-a728-6466f59e4c32,prescription.legal,available,,13,12,,,
685ab9d7-a7fe-4bcf-ba90-e1a3e02fb97f,prescription.lgbt,available,,13,12,,,
69b05f05-08a8-41d7-ba99-90d9b79ebd6e,prescription.life,resell,,13,12,"Chengdu West Dimension Digital Technology Co., Ltd.",13/10/2019 05:47,13/10/2026 05:47
92433d06-dfce-4ce6-af1c-e7379a484628,prescription.lifestyle,available,,13,12,,,
e233e5db-3c94-4e62-a582-4115b0679be9,prescription.lighting,available,,13,12,,,
555d75dc-23d8-4ab7-baeb-087ded818947,prescription.limited,available,,13,12,,,
3ec3d2ed-9e1d-4304-8e40-22315e9abf13,prescription.limo,available,,13,12,,,
c7814f33-4f2d-4b4b-9b91-9da2e9133839,prescription.link,premium,,13,12,,,
06506bd0-16b6-40d9-aaab-fa49b95e81ca,prescription.live,available,,13,12,,,
052abf47-5364-49f5-941f-989242f74395,prescription.living,available,,13,12,,,
d0bb77a8-d4a4-47e0-ad29-2ad1096417d5,prescription.llc,available,,13,12,,,
2b1f6944-0f6c-4d97-ab8e-5a2cbb4622c3,prescription.loan,premium,,13,12,,,
803d0bbc-8836-49f2-a0fb-91a4d9018251,prescription.loans,available,,13,12,,,
df254bf1-6d30-448a-a450-a42467df3dca,prescription.locker,premium,,13,12,,,
dc8c5e89-982e-450a-93da-3d7d37ad5dc5,prescription.lol,available,,13,12,,,
8cadc3dd-1524-4469-8aa2-b204ad6090c7,prescription.london,available,,13,12,,,
088c01b2-4c9e-4a01-83a9-b425df90f0cf,prescription.love,available,,13,12,,,
b445e843-cbde-415f-a9dc-8a50b0a87195,prescription.ltd,available,,13,12,,,
e09efea1-384e-4a6d-b83f-cf86aaad2f09,prescription.ltda,available,,13,12,,,
0d11102a-521e-4248-8cb0-aa8791ceb74b,prescription.luxe,available,,13,12,,,
635540a6-b785-4976-a36a-864617e4e0f5,prescription.luxury,available,,13,12,,,
ee4c4842-9ea9-49fc-aed7-fe557d09e825,prescription.maison,available,,13,12,,,
284cb692-b093-4e58-980c-f584eadc17c7,prescription.makeup,available,,13,12,,,
565759c3-f450-4506-8da7-7a3e820891e8,prescription.management,available,,13,12,,,
413ca9b3-6aa2-4552-a760-dbb45127f674,prescription.market,available,,13,12,,,
d4032ea4-8038-49b0-8e3b-fbfbf8628d2a,prescription.mba,available,,13,12,,,
98846bd4-f14e-40e8-9849-8f53dc7be86d,prescription.me,resell,,13,12,"GoDaddy.com, LLC",26/05/2009 17:25,26/05/2026 17:25
ebf2d5dd-b763-4711-b62b-7fcd2ac17f04,prescription.media,available,,13,12,,,
27dec3c4-d87c-451f-9ed0-650cce0439d6,prescription.melbourne,available,,13,12,,,
52e6c2d6-20c2-412d-945a-d7d378709429,prescription.meme,premium,,13,12,,,
accf5fba-5de9-4e30-b53c-db2dec507ed5,prescription.memorial,available,,13,12,,,
a498d1b7-6967-45e8-a1d3-7b46af53d41d,prescription.men,premium,,13,12,,,
63fb7a99-ed46-4d7a-aaeb-31e0231abfc1,prescription.menu,available,,13,12,,,
98cf84eb-4516-4512-8894-3ae41b9f0f66,prescription.miami,available,,13,12,,,
f72d8e69-53be-4101-9b94-ce94890e2ba3,prescription.mobi,available,,13,12,,,
8bf18e4b-c0da-4734-8d2f-c7a0e8f2ae6e,prescription.moda,available,,13,12,,,
9f16f6b4-be16-42cd-be73-1603b408b07c,prescription.moe,available,,13,12,,,
2861d783-90c4-4fbb-a0ad-c7cd6f08298d,prescription.money,available,,13,12,,,
a3ee0750-1f1d-47d4-8074-a01a192b340b,prescription.monster,available,,13,12,,,
6727eda3-ea88-46a9-b043-50f00b931b13,prescription.mortgage,available,,13,12,,,
6ee431f0-97d3-49ef-9b71-4452a169acc1,prescription.motorcycles,available,,13,12,,,
7cc0a9db-d4b3-43b0-b1fd-8f5943b1d585,prescription.mov,premium,,13,12,,,
489f5ba6-8417-43fc-b28e-5dc4c3d64ec1,prescription.movie,available,,13,12,,,
9d599301-0471-41b0-9588-f2f20bc751d9,prescription.music,available,,13,12,,,
212f3579-50de-4eb2-9b76-f33f1fa982ff,prescription.mx,available,,13,12,,,
c7550d65-c247-454a-85fb-f7614a4f20f1,prescription.my,resell,,13,12,"Dynadot, LLC",23/08/2024 23:20,23/08/2026 23:20
da682a64-d56f-478b-99b3-d00d80c7d318,prescription.name,available,,13,12,,,
9f109555-cd47-4898-b82c-79cc7a58dcbe,prescription.navy,available,,13,12,,,
6a7a3169-9fe0-40f0-a9b8-510cb533ab1a,prescription.net,sold,,13,12,"GoDaddy.com, LLC",31/07/1997 04:00,30/07/2026 04:00
5be027c2-588e-41a7-bd28-2db553d02e2a,prescription.network,resell,,13,12,"Spaceship, Inc.",10/12/2014 16:15,10/12/2026 16:15
43c05a88-3ada-41e2-bfbd-389a9ceed142,prescription.news,available,,13,12,,,
f9928dbf-2504-4d2b-9529-576a9de52e54,prescription.nexus,premium,,13,12,,,
408fc246-2027-4989-8d0b-d581eaa93d5f,prescription.ngo,available,,13,12,,,
2ffd611a-45fc-43b6-b496-b86548a45f10,prescription.ninja,available,,13,12,,,
aa3bbf58-87c9-4852-abc5-761715494b65,prescription.now,premium,,13,12,,,
a792ca3e-93a4-45b1-b6ee-2dcb8969d838,prescription.nyc,resell,,13,12,Hello Internet Corp.,03/10/2014 16:41,02/10/2027 23:59
3fbc79a5-86ad-4abc-b258-14c356b7616f,prescription.observer,premium,,13,12,,,
88e04f21-fd37-4f57-bade-4fff76e6307f,prescription.one,expiring,,13,12,"Spaceship, Inc.",05/01/2024 15:51,05/01/2026 15:51
587f71de-55e6-46ea-962e-a39c293f21ab,prescription.ong,available,,13,12,,,
2ba80201-47cc-4544-a9e1-47010adff60a,prescription.onl,available,,13,12,,,
28583c97-cde8-472b-8c74-a564157e3911,prescription.online,premium,,13,12,,,
4a0b1185-0343-4824-aacc-d468e3f9df88,prescription.ooo,available,,13,12,,,
1713e491-3a0c-4b51-88e7-32a775675bac,prescription.organic,available,,13,12,,,
8a0c5de4-292a-4301-b65d-9a0d23fee573,prescription.osaka,available,,13,12,,,
08127f0c-1865-479c-9af2-52ded294b689,prescription.page,premium,,13,12,,,
9c47e06c-890b-4586-98f9-cbcecab74de9,prescription.partners,available,,13,12,,,
35a69535-51e1-4de1-902b-911afd4039b3,prescription.parts,available,,13,12,,,
5bb19724-b1bc-4988-926b-97813b025189,prescription.party,premium,,13,12,,,
9e0de96b-1712-4ffd-b692-509ee9cea839,prescription.phd,premium,,13,12,,,
d3d85d40-8f84-4380-adbf-d272ed6cc08d,prescription.photo,available,,13,12,,,
6aebc8b3-edb8-42e1-b7d1-f7cef00ff1be,prescription.photography,available,,13,12,,,
0baaaea4-17f2-4cd9-809b-3b10e69d5159,prescription.photos,available,,13,12,,,
5110ed23-5af3-41db-95ff-a780f5a95f0a,prescription.pics,resell,,13,12,"Porkbun, LLC",19/06/2025 20:59,19/06/2026 23:59
40abe776-0c9b-4968-8eac-0e80739fa2a5,prescription.pictures,available,,13,12,,,
6f2e5465-49a8-451d-9bed-1a99aadc40cd,prescription.pink,available,,13,12,,,
d8111471-a9aa-471d-8156-a56218079e90,prescription.pizza,available,,13,12,,,
3aea02d9-12bc-4409-b662-2a539368d3a6,prescription.place,available,,13,12,,,
774d9d39-6065-4b1a-bdb8-d5e373643749,prescription.plumbing,available,,13,12,,,
6d04ba69-9362-4046-9635-07f7dc21b95e,prescription.plus,available,,13,12,,,
37c797c3-4760-4c8c-9c68-e17ec5880a22,prescription.poker,available,,13,12,,,
30332a17-935f-4bfa-b63f-02450cab1eb7,prescription.porn,available,,13,12,,,
dceccb9f-1036-4393-9342-502850c4acb6,prescription.press,premium,,13,12,,,
edb8398e-cd01-4e0e-9ad0-5a829c422a06,prescription.pro,resell,,13,12,"Sav.com, LLC - 25",07/05/2024 17:00,07/05/2026 17:00
2f04982f-7622-4b9f-ac5a-b205545f6031,prescription.productions,available,,13,12,,,
163ed48f-3b87-4b4b-b06f-d7341547581f,prescription.prof,premium,,13,12,,,
70721abc-c892-4b01-a590-a9c15a674a8a,prescription.promo,available,,13,12,,,
d804c8e8-e02e-44a4-b3a1-b336951fd9dd,prescription.properties,available,,13,12,,,
107821f1-fdd8-4855-9061-01f475751905,prescription.property,premium,,13,12,,,
80f2e7a2-d440-4cdb-8310-25d2ce12de9c,prescription.protection,available,,13,12,,,
85936904-e671-4cda-ae9b-a45020035584,prescription.pub,available,,13,12,,,
3201ba67-ebec-47a3-b969-48b9820e5906,prescription.pw,premium,,13,12,,,
7662dba9-928a-436f-bff7-5201a2f76fb6,prescription.qpon,available,,13,12,,,
98e32e08-5597-45de-a020-d4e655c3444b,prescription.quest,available,,13,12,,,
7cbf55cd-7295-4fc5-8f72-d72de3e1963d,prescription.racing,premium,,13,12,,,
17eafdbc-dce2-4838-b6a6-5836780114c4,prescription.realty,available,,13,12,,,
0ec37f8b-3a19-435f-9cf5-9b0668da38ae,prescription.recipes,available,,13,12,,,
8ebfb19e-5448-42fc-b501-3d66bc4e53ad,prescription.red,available,,13,12,,,
860e07e2-8261-43bf-b740-36a54daa8b54,prescription.rehab,expiring,,13,12,GoDaddy Online Services Cayman Islands Ltd.,29/12/2014 14:11,29/12/2025 14:11
ca8a321a-a411-4a31-98e5-561f934f9dd6,prescription.reise,available,,13,12,,,
3a43202f-fba6-43f9-acb1-d3aa3882b9b0,prescription.reisen,available,,13,12,,,
21896329-72a9-40d6-902a-e06bc2042eeb,prescription.rent,available,,13,12,,,
a12c85c0-bcde-4ba4-b965-40dd87796366,prescription.rentals,available,,13,12,,,
ba8d7bba-0e1c-4dad-9da2-c8c7557eef07,prescription.repair,available,,13,12,,,
9ac32942-6248-460f-b0c7-50df2e910da6,prescription.report,available,,13,12,,,
c48beeee-0bf0-41a6-a174-c6b2c614647f,prescription.republican,available,,13,12,,,
1096877b-1054-40ca-9b32-c9520815e625,prescription.rest,available,,13,12,,,
1f1a6dad-8fa5-4eb8-9f32-ddfda067a95a,prescription.restaurant,available,,13,12,,,
6c0ad244-ced5-4112-8a15-ef83eb04003d,prescription.reviews,available,,13,12,,,
505411d4-1b1e-4fb5-b4a5-06a814dba685,prescription.rich,available,,13,12,,,
0238ed07-5cad-416e-95a8-3d8aa5745a70,prescription.rip,available,,13,12,,,
1898609c-c5c4-478b-9c52-d212fdcc0d89,prescription.rocks,available,,13,12,,,
edeb469b-d574-40a3-8cdc-3ed068ca8b92,prescription.rodeo,available,,13,12,,,
c5db7e3a-81ee-46c5-aebf-7c9d06678e09,prescription.rsvp,premium,,13,12,,,
04961f60-1831-436a-8e46-adf8d2b902ee,prescription.run,available,,13,12,,,
f1c7840e-014f-40da-bed6-a75462ad4f0a,prescription.sale,premium,,13,12,,,
f4de7822-fa2a-4272-9589-4c09b3004d48,prescription.salon,available,,13,12,,,
4bc35861-30b2-4f21-a2e9-a24affe3400f,prescription.sarl,available,,13,12,,,
0b44303d-4680-4a7c-94c5-1df68a85eaa3,prescription.sbs,available,,13,12,,,
4fd4d468-e1e7-456b-b516-17a043c82179,prescription.school,available,,13,12,,,
2249d59e-95b2-4dd8-adb4-ba4d597031d4,prescription.schule,available,,13,12,,,
82ed9812-d148-4522-9acf-d1b47e90a6c0,prescription.science,premium,,13,12,,,
b0737015-dded-4aa9-a324-d303fc2685d4,prescription.security,available,,13,12,,,
01a88f0d-6d2d-4438-8869-863fabd71b82,prescription.sexy,available,,13,12,,,
ea9bd855-86c6-45d2-95bd-ba7c7dd19708,prescription.sh,available,,13,12,,,
5d7db411-b105-41bc-bcf8-62fbb7fa637d,prescription.shiksha,available,,13,12,,,
de94c8f0-3a0a-483d-9edf-2e5954be156c,prescription.shoes,available,,13,12,,,
699c690a-9cd9-4c0b-ae56-cccaae946abd,prescription.shopping,available,,13,12,,,
dbb0d1be-9a9b-4a78-b872-bb8c18475702,prescription.show,available,,13,12,,,
4fabdaa8-114c-407a-9ab7-7a74e1ba6a15,prescription.singles,available,,13,12,,,
7137d174-0dd5-43e0-93db-80a2844b0cd6,prescription.site,premium,,13,12,,,
b5a5eeb2-5288-440c-b0bb-31f18475e7b6,prescription.ski,available,,13,12,,,
7dcf51b0-4f8f-429e-9a8f-e395a3acf907,prescription.skin,available,,13,12,,,
6cc84351-8ca9-4903-af35-7cbbd49f04ac,prescription.so,available,,13,12,,,
f28f7b76-4087-4372-bc3f-5da3ba3b3227,prescription.soccer,available,,13,12,,,
56a5ea31-c2b3-4d9a-a9c3-a807fbf7646a,prescription.social,available,,13,12,,,
22d04bb4-0f70-42a9-8587-2119ee79caec,prescription.solar,available,,13,12,,,
19dabef8-1455-4305-a60e-2f36c5c05b2f,prescription.soy,available,,13,12,,,
3adb2304-208b-4957-bb34-21bbc011cd57,prescription.space,premium,,13,12,,,
3746e574-b569-48da-8b70-d5eadb268382,prescription.spot,premium,,13,12,,,
2c13d15b-9f0f-4819-afb2-ca57647a439c,prescription.srl,available,,13,12,,,
9d44a9e3-3c63-47cc-90a9-c042f9cc5ac2,prescription.storage,available,,13,12,,,
91d34ac2-685e-4ac6-a550-bfad916068ff,prescription.store,sold,,13,12,"HOSTINGER operations, UAB",31/07/2025 15:09,31/07/2026 23:59
47e258b1-23cf-43d9-9674-0e35af58c7da,prescription.stream,premium,,13,12,,,
8982e92a-aca3-4f06-a19e-6ffae77203eb,prescription.studio,available,,13,12,,,
203a5b2a-a742-46b1-bb58-15c395637098,prescription.study,premium,,13,12,,,
cdced219-e3d2-45db-9338-1bc6af453c1b,prescription.style,available,,13,12,,,
95fe5ac4-fe5d-49c6-854a-ae0609b8896f,prescription.sucks,available,,13,12,,,
386a29b4-bc27-492f-afe5-9a5375e53ae5,prescription.supplies,available,,13,12,,,
f6ea7b15-16d9-46ef-ae6b-7be6658fb369,prescription.supply,premium,,13,12,,,
82a06af5-2402-4367-bf09-dadaf25981db,prescription.surf,available,,13,12,,,
d1f577f0-23f6-46a3-99a1-36f5e29e3ed8,prescription.surgery,available,,13,12,,,
2124a5a5-8084-4ac1-988d-e8d029546aae,prescription.sydney,available,,13,12,,,
e39a46d2-9cb7-41c8-ae54-08af0628d382,prescription.systems,available,,13,12,,,
c202e5a6-e5bc-442d-8c56-274022a98b79,prescription.talk,premium,,13,12,,,
02587341-a7cc-4271-af74-2e9308515d50,prescription.tattoo,available,,13,12,,,
8fa83bb2-d948-49e1-ab00-616ce5de99cf,prescription.tax,available,,13,12,,,
d2f09652-37d2-4c91-8d4a-bba94df0717f,prescription.taxi,available,,13,12,,,
453d5483-2328-46b5-a6f0-8ca887bc7be8,prescription.tech,premium,,13,12,,,
79f32426-1820-463f-871b-3203cb7bd6e8,prescription.technology,available,,13,12,,,
f1686627-f57f-4eb1-92bb-07b63739e992,prescription.tennis,available,,13,12,,,
a32a9267-c13e-4f60-a943-680c734e2f5a,prescription.theater,available,,13,12,,,
c6b50acb-d2c9-4f05-abaf-b9ce6619905f,prescription.theatre,available,,13,12,,,
274bb80e-e4de-492b-bcc1-e2981a01672e,prescription.tickets,available,,13,12,,,
a09c6093-dfbd-49cb-903a-eefd9446aa20,prescription.tienda,available,,13,12,,,
dcc10202-7114-432c-93ba-73e125ad2692,prescription.tips,available,,13,12,,,
850853f3-c26f-4a5a-9aae-70cf93297bbe,prescription.tires,available,,13,12,,,
2539ef40-012f-4b28-8046-0e6ded6e1065,prescription.today,available,,13,12,,,
b3f1c4f9-4932-4ade-81d7-669bddaee25d,prescription.tools,available,,13,12,,,
1b883d03-ad3e-46c6-918c-c14e23c744b6,prescription.tours,available,,13,12,,,
986ddcd0-7038-46ea-80e6-ff869a436322,prescription.town,available,,13,12,,,
fe341ab3-73a8-4daa-98b8-e143e52b8a39,prescription.toys,available,,13,12,,,
abcfb2b8-4d28-464f-b251-a6ee23d0a57e,prescription.trade,available,,13,12,,,
bb161b50-1393-4e60-939a-bc2e8d51761e,prescription.training,available,,13,12,,,
1a24bf2d-f2ed-40ae-8f4b-6c0664fad387,prescription.tube,available,,13,12,,,
7eae6e11-7d00-4995-820f-169359802128,prescription.university,available,,13,12,,,
cb9d4713-d9c6-44e5-9f4a-e0be44aed44e,prescription.uno,premium,,13,12,,,
19d7a223-b579-42ae-8ef2-e14ac0a119d6,prescription.us,resell,,13,12,"GoDaddy.com, LLC",24/04/2002 14:11,23/04/2026 23:59
947c09ba-8956-4048-b2fd-0e2fb769f015,prescription.vacations,available,,13,12,,,
2c3b87ec-d019-419b-bc6f-732730d9c86f,prescription.vana,available,,13,12,,,
76aabdd6-f7fd-4abf-a12e-96cb037454f5,prescription.vc,available,,13,12,,,
cb7ec1d2-79da-4c00-8e05-067bf35c2abd,prescription.vegas,available,,13,12,,,
6ff76619-e6ab-4c45-bdc4-a1178935570c,prescription.ventures,available,,13,12,,,
dbccf761-de42-4e4d-973e-9a9bd40ee131,prescription.vet,available,,13,12,,,
77912bbf-e808-492a-8f38-40f5e3de9c53,prescription.viajes,available,,13,12,,,
a3ba50c8-84dc-49cf-b2bb-ee5b0078dc07,prescription.video,available,,13,12,,,
b38cfc80-4d4c-45e4-acf8-b0c74faad8c9,prescription.villas,available,,13,12,,,
c61b3c5e-ebdc-4dbb-a7ea-8699b3141f81,prescription.vin,available,,13,12,,,
a1644f5f-bbe2-4223-a5e3-4866506763f4,prescription.vip,premium,,13,12,,,
cf2aa70d-b808-4ae7-888e-6850e1ab673a,prescription.vodka,available,,13,12,,,
8a925a04-d939-4312-9f2f-7901643b3157,prescription.vote,available,,13,12,,,
2d8de0c3-08b0-407c-aec1-e5b3e7c3f55a,prescription.voting,available,,13,12,,,
a884809c-8c75-4f23-935a-fb9f9f87d90d,prescription.voto,available,,13,12,,,
56f7b67b-00c0-4228-928b-13b264f2226c,prescription.voyage,available,,13,12,,,
68a66ad5-650c-46d8-ba57-0c3870420cfc,prescription.watch,available,,13,12,,,
fca12327-24e1-4a6d-89a3-e8ac45355eb1,prescription.webcam,available,,13,12,,,
e1b4a8e1-e85b-4281-8bf4-2bd2e3b73cfe,prescription.website,premium,,13,12,,,
9475d7f1-5c1e-401e-afd9-714292f72c3b,prescription.wedding,available,,13,12,,,
ab041a63-ed8c-4870-8742-15d381f251c0,prescription.win,premium,,13,12,,,
fd3dfaa4-48e8-4c42-8ffd-9ed3fba8e345,prescription.wine,available,,13,12,,,
574609f7-30a1-4f43-8809-b0beb45baf74,prescription.work,available,,13,12,,,
61466108-b0b0-4d67-828a-8f9312e967f9,prescription.works,available,,13,12,,,
393d0c65-d513-48be-9527-b04dc814aae6,prescription.wtf,available,,13,12,,,
42781068-6a05-4847-b0f0-323408dfa47f,prescription.yachts,available,,13,12,,,
43ff6705-101e-4f3a-b56f-bc18564833d9,prescription.you,premium,,13,12,,,
bf78fbe1-f879-404f-a34a-c3334e1090f2,prescription.zip,premium,,13,12,,,
df97d83e-b6b3-489d-b770-c17e6efb957f,prescription.zone,available,,13,12,,,
a3b5d32e-f7de-4b59-8dbf-b49b3c221333,oral.at,resell,58,84,4,InterNetX GmbH ( https://nic.at/registrar/80 ),,
9bf3b2b6-1f0b-4da6-8335-cd82783510df,oral.cloud,premium,58,84,4,,,
5ec593c6-99ee-4900-99d0-61f65ca3bb62,oral.dev,premium,58,84,4,,,
73339f20-0d32-4bbc-b3a6-1a28d5743c5e,oral.expert,available,58,84,4,,,
5eb7626c-da89-4151-9b64-ffc3194a56d6,oral.gg,available,58,84,4,,,
08fe66f7-cd6c-4a39-94d0-7a0cde073cbc,oral.it,resell,58,84,4,,28/05/2001 00:00,18/06/2026 00:00
e08300d8-e759-4db3-928c-3d00361d3bc3,oral.net,resell,58,84,4,"GoDaddy.com, LLC",28/04/1998 04:00,27/04/2026 04:00
47c12de2-aadc-4aa8-8e52-b9b1d232fb96,oral.online,premium,58,84,4,,,
a5e97cd8-10ba-4477-9f02-3e31a096e0e3,oral.org,resell,58,84,4,"NameCheap, Inc.",16/04/2013 14:30,16/04/2030 14:30
68f2bc5a-cb04-494e-9eb2-e8350d6a763c,oral.site,premium,58,84,4,,,
300278ea-3c9c-41fc-adbe-c704c064df24,oral.so,available,58,84,4,,,
10255589-709f-47e9-ae43-b45165dffb40,oral.space,premium,58,84,4,,,
162eb8de-53fb-4245-b643-73d072e6db51,oral.store,premium,58,84,4,,,
ce8bf7a8-ad93-4ad7-9b1b-72304cb8a6a0,oral.tech,premium,58,84,4,,,
1bfd672e-a9a0-4b55-a737-dbc57866269a,release.ac,available,98,20,7,,,
5ea5c9b3-cd0f-4ba7-a71d-d4abc7968141,release.academy,available,98,20,7,,,
9db7b39f-3347-4131-9d81-f60ce5111a97,release.accountant,premium,98,20,7,,,
8eaf6b6c-45ee-4c05-99be-a9d8ea2abb67,release.accountants,available,98,20,7,,,
977888cb-fd72-4360-a6cd-3840d8d8e58b,release.actor,available,98,20,7,,,
edfcad02-cbd1-4969-ac7e-50b6cba47d9a,release.adult,available,98,20,7,,,
66062503-5e1e-40e6-a8f9-af8e59ac18ad,release.ag,available,98,20,7,,,
4f0debf4-831e-4245-935f-d6ed1573bbd3,release.agency,resell,98,20,7,"Sav.com, LLC - 32",30/05/2025 15:15,30/05/2026 15:15
8b8e6f3e-396d-48fd-9354-cfa58adfccd6,release.airforce,available,98,20,7,,,
4341d39d-b86e-43a3-8d92-1900956ebf09,release.apartments,available,98,20,7,,,
1fc99067-3dc0-4a0d-807d-82b4f2328b26,release.archi,available,98,20,7,,,
d83b430a-2cc2-4516-9949-d654d0c27f2e,release.army,available,98,20,7,,,
6fcb72bb-bac5-4898-a74b-f7ca86a7a808,release.asia,available,98,20,7,,,
e0f68577-66b9-44f6-a7c0-c1461eb43acd,release.associates,available,98,20,7,,,
5cb30e8a-6eaa-4b3b-81b3-2b5944df0839,release.at,available,98,20,7,,,
632c006b-4157-4fee-a6df-193530997e93,release.attorney,premium,98,20,7,,,
c432c0e1-9127-4035-aa5c-e3d7d6f4b072,release.auction,available,98,20,7,,,
03636f08-53db-41ef-affa-3c3352d01652,release.audio,available,98,20,7,,,
c8946d50-007e-4d71-a1c8-e87c9616d0ca,release.auto,available,98,20,7,,,
6a00b452-b788-43b4-b58b-7ee0ca3bcf41,release.autos,available,98,20,7,,,
5c7bf71d-2333-4f27-b70d-457bc6b5413a,release.baby,available,98,20,7,,,
682dde21-f92b-4981-8f81-c1b805358f4e,release.bar,premium,98,20,7,,,
36fa7ed0-ef69-4205-b2a6-c07e5c011bcc,release.bargains,available,98,20,7,,,
c43c3236-6c25-49fc-b65c-7fde6cb769f7,release.bayern,available,98,20,7,,,
a0aadf88-d009-4c43-bed2-08448d3445ef,release.beauty,resell,98,20,7,Cosmotown Inc,31/10/2025 20:41,31/10/2026 23:59
0073e252-0a96-4719-b0eb-78a28458e973,release.berlin,available,98,20,7,,,
fbf74eaf-a17b-4b71-a242-041407650cdf,release.best,available,98,20,7,,,
c9d27768-f6a8-499a-b4e9-f5fc025e7b08,release.bet,expiring,98,20,7,"Sav.com, LLC",25/12/2024 07:27,25/12/2025 07:27
42cd0b80-6b7f-4578-a344-a9ff389338bf,release.bid,premium,98,20,7,,,
a6df9650-13ab-4568-b5db-976077936584,release.bike,available,98,20,7,,,
75c9a3e0-3197-4146-b7d1-8e4e306a5c24,release.bingo,available,98,20,7,,,
b511ff3f-751a-42b0-a734-adbd7d8bf989,release.bio,expired,98,20,7,united-domains GmbH,14/10/2020 17:58,14/10/2025 17:58
812577be-f58e-4f23-b9f6-9b335b0cc12d,release.biz,resell,98,20,7,"GoDaddy.com, LLC",04/12/2010 17:04,03/12/2026 23:59
d2d7d14d-c9e1-4328-be43-3d7379e8e551,release.black,available,98,20,7,,,
4d1c90a0-6d23-4029-a6f3-9947a23df4ce,release.blackfriday,available,98,20,7,,,
21cff17a-d2b2-401a-9d8d-6b43e2f69d73,release.blog,premium,98,20,7,,,
95d23192-31e2-41fa-87e0-8e1d5d578277,release.blue,available,98,20,7,,,
37239b53-40e4-4409-80c4-d61034d278ce,release.boats,available,98,20,7,,,
3564da77-73b5-48aa-8213-6e17b4140cd9,release.bond,available,98,20,7,,,
7d57cf0a-b5cf-450b-a973-10eb1bed81d0,release.boo,premium,98,20,7,,,
650bf2a1-d420-48f0-aaf7-4daab6ca3e4c,release.boston,available,98,20,7,,,
bccd18b0-b234-4093-a083-345dfb55af56,release.boutique,available,98,20,7,,,
22608d94-49ed-4db5-9448-88210d9c1578,release.build,premium,98,20,7,,,
af925d94-18f4-4158-9679-5e03aa6bdaaa,release.buzz,premium,98,20,7,,,
d90968bd-bc05-466a-88b1-1bd775277bc2,release.cab,available,98,20,7,,,
0e298f32-79ac-4daa-9554-85db95b90f4e,release.cafe,available,98,20,7,,,
db86f144-cf03-4465-9e10-b540b6114ad0,release.cam,available,98,20,7,,,
4ef51944-dc3a-4bdb-8ca7-f1317da1e6d2,release.camera,available,98,20,7,,,
0ccbb0e7-fb48-4961-8633-f94b965b394c,release.camp,available,98,20,7,,,
f1caab96-6248-4300-a1e7-d98358d8f783,release.capital,premium,98,20,7,,,
b62cb643-95b8-4ac4-91b0-a6a70e92663d,release.car,available,98,20,7,,,
b3841f0e-e0e4-45d5-8352-5a032fafabd2,release.cards,available,98,20,7,,,
9443534d-a0ed-4e04-9de7-bd4e16fdde9d,release.careers,available,98,20,7,,,
c0c0804e-eaf6-46c2-a517-fb8b40f4c208,release.cars,available,98,20,7,,,
535bde9a-9241-434f-b79d-4c1ceed79037,release.casa,available,98,20,7,,,
8ba4bc02-323d-454c-940c-a89875f4eddb,release.casino,available,98,20,7,,,
9b553adb-1a67-4366-91fe-e3989f8a3acd,release.catering,available,98,20,7,,,
f1a6d254-75a3-470e-85f8-7d0be32cf7b7,release.cc,resell,98,20,7,Edomains LLC,08/08/2025 08:02,08/08/2026 08:02
f3271bef-517c-4c09-99cc-03bba94c64f0,release.center,resell,98,20,7,"DNSPod, Inc.",09/09/2022 13:15,09/09/2026 13:15
060dcda3-d530-4bd4-a1d4-dd7c7e77e548,release.ceo,available,98,20,7,,,
8beb52a7-97d5-4dbf-833c-1788bd8c9ede,release.cfd,resell,98,20,7,"Global Domains International, Inc.",30/11/2023 17:29,30/11/2026 23:59
4cef74e0-f730-413f-9556-73855366ee52,release.charity,available,98,20,7,,,
795d606a-7315-4cf7-af87-1ffeafc68e85,release.chat,resell,98,20,7,Porkbun LLC,16/07/2023 09:51,16/07/2026 09:51
c399f96c-a558-4fe1-a655-4d273d8b40f6,release.cheap,available,98,20,7,,,
54559aee-90ed-4201-b046-c15a99bfbb2c,release.christmas,available,98,20,7,,,
22391f41-fe0f-4690-9c92-46b373d37767,release.city,available,98,20,7,,,
0609a769-dbd5-420d-983d-9f72665addce,release.claims,available,98,20,7,,,
a3cd06e5-725c-4c26-ae99-017cf40a8916,release.cleaning,available,98,20,7,,,
a6706964-8643-4b93-acf8-d99ed4f6a57b,release.click,sold,98,20,7,NAMECHEAP,24/10/2025 07:58,24/10/2026 07:58
58804902-dc3f-445a-8f7e-3a9c6f8793b6,release.clinic,available,98,20,7,,,
f95aa3a6-4571-4daa-a9eb-c9b639bc9b2e,release.clothing,available,98,20,7,,,
18367780-2a79-45e8-a30f-a3b1d3a36575,release.cloud,premium,98,20,7,,,
39f4b302-7bb0-4431-bc5e-9ce3fda8821b,release.co,sold,98,20,7,"eNom, LLC",20/07/2010 17:59,19/07/2026 23:59
1f49f80a-4cb8-48fb-946b-3fd22a3e9222,release.coach,expired,98,20,7,"NameSilo, LLC",17/10/2023 20:49,17/10/2025 20:49
74cd3b0c-e58c-484e-917b-4a7bc1a30a07,release.codes,premium,98,20,7,,,
01ea528f-fdff-4441-9747-18e031745fc8,release.college,available,98,20,7,,,
cd007b7f-9b8e-4462-9834-58fc68355d02,release.computer,available,98,20,7,,,
28b07858-f07f-47cf-8b4a-27e61cea09d0,release.condos,available,98,20,7,,,
f5153f68-51fb-4ef8-8846-fc47bdb3e36f,release.construction,available,98,20,7,,,
258f35ab-3b36-4686-a44b-ee2aa068f811,release.consulting,available,98,20,7,,,
2ab9a6e7-8571-4749-ae36-e95be99521e0,release.contact,available,98,20,7,,,
4e4cac76-2503-4c20-bd9d-f74527437f68,release.contractors,available,98,20,7,,,
5dea812e-4006-41fd-b56b-95446f494143,release.cooking,available,98,20,7,,,
43bcfd26-c0d3-41ef-995b-a1cbb6c95e25,release.cool,available,98,20,7,,,
e59045bb-5a92-4a93-aa95-86a5a12f1823,release.country,available,98,20,7,,,
590beee4-8bca-4a59-8eb6-2bbc4bec7ca7,release.coupons,available,98,20,7,,,
c11476ce-cb20-4301-82f8-0c2ff71f4e6b,release.courses,available,98,20,7,,,
f3ce6049-3380-414a-8cc5-9fae42341e20,release.creditcard,available,98,20,7,,,
e29c3b07-0332-4083-9595-65ebe7bc3333,release.cricket,premium,98,20,7,,,
a7b46a93-bbfd-4b0c-a326-8a5fcc98ff44,release.cruises,available,98,20,7,,,
62e29628-1a15-428b-acf6-f8ecd6d344ed,release.cv,premium,98,20,7,,,
6e5835ca-1460-4de1-afea-420f3cb8464f,release.cx,available,98,20,7,,,
eadc3276-d6b5-4c21-912b-eb52efab328f,release.cyou,available,98,20,7,,,
7c11f402-e9ad-4032-9786-a386efac9336,release.dad,premium,98,20,7,,,
6e06ecdc-4cad-4d17-b562-42fb515f8f01,release.dance,available,98,20,7,,,
d4611a39-4575-4b55-9f8d-c421e311fa8e,release.date,expiring,98,20,7,GoDaddy Online Services Cayman Islands Ltd.,16/12/2018 22:22,16/12/2025 22:22
b7dfc7a9-ce25-44bd-a31c-df2814354c23,release.dating,available,98,20,7,,,
793020ed-fead-4291-954d-44c00fad221e,release.day,premium,98,20,7,,,
a6b5e901-698a-42ed-af7a-a90345b4a4b2,release.deal,available,98,20,7,,,
911e62e1-8385-444c-9834-01eab00211f8,release.dealer,premium,98,20,7,,,
a1a28993-f3f4-4a48-9d1a-f925ae28e22f,release.degree,available,98,20,7,,,
8ac5cad6-3a9a-4b29-b650-8e46cb9b3144,release.delivery,available,98,20,7,,,
dcfc51a9-d68a-4931-bc1f-0ff8abcc7cb3,release.democrat,available,98,20,7,,,
2cba0450-957a-477d-9604-b731fb498f42,release.dental,available,98,20,7,,,
0dab4b54-cc2e-42fa-86ca-095d2c01d340,release.dentist,available,98,20,7,,,
a9cccff3-6161-4681-9265-5cd8a48464b7,release.design,available,98,20,7,,,
876ca11c-8889-4d6a-ab43-d0fa4e1c6552,release.dev,resell,98,20,7,"CloudFlare, Inc.",04/03/2019 05:34,04/03/2026 05:34
a3354867-7bc0-4326-b765-5908b550dcf3,release.diamonds,available,98,20,7,,,
e4546848-1dd6-470b-ab14-9870e52a2383,release.diet,available,98,20,7,,,
e817b78e-7f3a-4d25-a804-b6428a9f5495,release.digital,resell,98,20,7,"Sav.com, LLC - 25",27/11/2024 15:15,27/11/2026 15:15
77f20c48-b2b0-4127-87a2-94416da3b268,release.direct,available,98,20,7,,,
789415b1-e6dd-4b68-9ef8-36b9f2f42bd4,release.discount,available,98,20,7,,,
1f7bb59b-ccd9-47c9-bb20-5e8fa2ad1c8d,release.diy,available,98,20,7,,,
8dd7bb3e-864d-40e3-921a-90bba06b6d0d,release.doctor,available,98,20,7,,,
bd91af37-9a76-4978-80b7-cbd66ffd3867,release.dog,available,98,20,7,,,
e3d48ae2-eaee-4d45-90b1-0d595ff1aa0f,release.domains,available,98,20,7,,,
5594f286-1eff-4e87-8dfa-782c4d637273,release.download,premium,98,20,7,,,
89ba1943-4c69-4e41-b70f-37bc39469d8b,release.education,available,98,20,7,,,
75502046-884d-4c7b-ad49-3343625c9188,release.enterprises,available,98,20,7,,,
01b03bbd-2810-4304-b584-1c22498628d8,release.equipment,available,98,20,7,,,
942f4103-11d3-42ec-b294-beb61e56246f,release.esq,premium,98,20,7,,,
028c193b-d2a7-46a3-8616-359e4524d2d9,release.exposed,available,98,20,7,,,
3ce7aa78-53c8-4e44-a7d5-5e97cd8e6536,release.express,expiring,98,20,7,"GoDaddy.com, LLC",12/01/2021 13:35,12/01/2026 13:35
62afd534-2c3c-4b2a-8dc4-475b77514e12,release.fail,available,98,20,7,,,
e4af969d-c7b0-40a1-b075-e19c6bc4272d,release.faith,premium,98,20,7,,,
1c1550c5-6b64-44eb-884f-c451c01502de,release.family,available,98,20,7,,,
a174adbc-d02e-4b95-9115-2288cfeed64f,release.fans,premium,98,20,7,,,
4ceeed97-cc36-4718-a910-98117723bb0b,release.farm,expiring,98,20,7,Domain Science Kutatsi Szolgltat Korltolt Felelssg Trsasg,18/12/2024 14:33,18/12/2025 14:33
a7ff97f1-1178-4093-bb63-80c9a51a8fdd,release.fashion,available,98,20,7,,,
b84538fe-cc75-450a-8920-3faf53c314e5,release.feedback,available,98,20,7,,,
34199b97-2645-4023-a13a-59ec92efbf4c,release.film,premium,98,20,7,,,
1e8e423e-0b52-44da-94c8-e4214ca443f6,release.finance,expired,98,20,7,Dynadot Inc,30/09/2024 17:00,30/09/2025 17:00
6d09308f-1002-424d-bfd3-315a589d7531,release.fishing,premium,98,20,7,,,
2054f1c8-9b12-4070-91cd-74c28c8885e0,release.fitness,available,98,20,7,,,
114780b1-e813-492b-ba85-2b9577529c59,release.flights,available,98,20,7,,,
362c49d2-6eb3-4364-b19c-eea071b603e0,release.florist,available,98,20,7,,,
1977388e-ab14-4836-b683-05c736abe09a,release.flowers,available,98,20,7,,,
ce24c598-c593-4221-9d5b-56dc9e75655a,release.foo,premium,98,20,7,,,
80873b42-6858-486c-b220-16aadff6e7d7,release.food,available,98,20,7,,,
a15d1e4b-37f5-44a1-be2a-03cf76c9e296,release.football,available,98,20,7,,,
99b177ef-62bd-481c-a994-ed85bff71909,release.forsale,available,98,20,7,,,
99e65459-9e25-484e-9f8a-627960dcb4c8,release.forum,available,98,20,7,,,
7cf2580f-278f-435e-b76c-4aeeccbaf64b,release.foundation,available,98,20,7,,,
7137f7b0-6190-49c3-af03-c134848839b0,release.free,premium,98,20,7,,,
11036a85-5bde-4561-8d9d-1db11db3ed35,release.fun,premium,98,20,7,,,
c716bcdb-d156-445b-aa30-1ec5bc95947c,release.fund,available,98,20,7,,,
04527b3b-2f2c-4d5e-9185-d8c7fb15fed2,release.furniture,available,98,20,7,,,
267cdca4-d38e-468a-afef-60e6b4d84519,release.futbol,available,98,20,7,,,
99a90963-544a-49b7-8c01-b62f8b9b2da3,release.fyi,resell,98,20,7,Porkbun LLC,28/07/2023 15:38,28/07/2026 15:38
d68edc45-ce93-4dd1-8e50-73ef936d555c,release.gallery,available,98,20,7,,,
a036dffe-cb6b-48f9-8377-07990cb24ec0,release.game,available,98,20,7,,,
4ea8bece-cb74-4702-b2f9-e2e65b8dd5cd,release.games,premium,98,20,7,,,
3d1e3784-cf86-4dbc-b0dd-9d625d3e4443,release.garden,available,98,20,7,,,
7a02f7f1-23f1-4519-a286-315fb850dcbb,release.gay,available,98,20,7,,,
4879218b-e878-4581-bb97-3c4d3a2029de,release.gg,resell,98,20,7,Sav.com LLC (https://www.sav.com),,
2a211236-c115-4a83-b731-3b0ae8ef1e7f,release.gift,available,98,20,7,,,
aa6df682-494e-413d-9fb9-0d082a865ee2,release.gifts,available,98,20,7,,,
58f2d7cc-f635-450d-ac87-818f95ca320f,release.gives,available,98,20,7,,,
8510209d-59a4-4c67-823e-0f16ee6be23a,release.giving,available,98,20,7,,,
63fb8937-9065-45d1-8bbb-2917b0aa296c,release.glass,available,98,20,7,,,
b5680992-ec0e-4da2-a453-e9137758f08f,release.gmbh,available,98,20,7,,,
6e888941-ebf1-4bc9-bc0a-51a47f1e1714,release.gold,available,98,20,7,,,
ee7ff96c-0f4a-4fec-98a7-7f0d9fced4c5,release.gratis,available,98,20,7,,,
5253604c-015e-4e41-983e-fed2f9c286b6,release.gripe,available,98,20,7,,,
05475e4d-c5c3-4b5a-94c5-fe6882862d6a,release.group,resell,98,20,7,"Global Domains International, Inc. DBA DomainCostClub.com",07/04/2025 15:15,07/04/2026 15:15
751cf523-8330-4b83-afe1-78222409b0d2,release.guide,available,98,20,7,,,
428c46d5-e60d-4231-8410-e92424f6a5ed,release.guitars,available,98,20,7,,,
d3cc95a2-5a5e-4b0b-88e7-b80c3f883738,release.guru,resell,98,20,7,"NameCheap, Inc.",29/05/2024 20:42,29/05/2026 20:42
91442693-3577-4dc1-b6e6-b1234b810a7a,release.hair,available,98,20,7,,,
8dca4e02-2e0a-4034-b440-422a7e834edd,release.haus,available,98,20,7,,,
24f32286-c1a8-43d0-8328-373be88e44eb,release.healthcare,available,98,20,7,,,
4c1b5954-cbc5-4acc-a2f2-2af51f6f96b1,release.hiphop,premium,98,20,7,,,
90185081-716a-4639-a73f-0607557e38ec,release.hiv,available,98,20,7,,,
fd812050-f652-4158-a8e7-ab1eadc257dd,release.hockey,available,98,20,7,,,
41b92bc2-481e-4ec3-b661-9fb88fdd3d0b,release.holdings,available,98,20,7,,,
992efc93-579e-4e29-841b-f1eedbe9d307,release.holiday,available,98,20,7,,,
9c7249a8-ae47-40dc-b74d-392ab52f5d70,release.homes,sold,98,20,7,Namecheap,24/10/2025 07:59,24/10/2026 23:59
08b56f2b-fa6c-41c6-b207-7ac7f2a40f27,release.horse,available,98,20,7,,,
9a87a533-9207-421b-a874-b5a3e332a470,release.hospital,available,98,20,7,,,
60c5890c-a93a-416f-8bf3-7401526bd515,release.host,premium,98,20,7,,,
768a6976-4d3d-4e84-a97a-1c230e80e0eb,release.hosting,available,98,20,7,,,
ddff88f6-83e6-4ab8-bde9-f81e2cca7b74,release.hot,premium,98,20,7,,,
3ca84124-a2dc-4e1e-8de2-2a52440583f2,release.house,available,98,20,7,,,
f3bf4366-6b02-4ed4-8a0a-1648ecefee22,release.how,premium,98,20,7,,,
2053e48a-9b80-4422-9226-0fadd077f5ec,release.icu,sold,98,20,7,"Spaceship, Inc.",02/11/2025 16:44,02/11/2026 23:59
d0351352-6d2f-4d3c-b5b5-659ee340d799,release.id,expiring,98,20,7,PANDI Registrar,31/12/2023 14:50,31/12/2025 23:59
dce8d6d3-a48e-45f7-9d99-e6ffd7778aa2,release.im,premium,98,20,7,,,
b5b7d078-42b8-49af-a011-5c502fc6ba3c,release.immo,available,98,20,7,,,
2a6a43a1-8070-41b9-9640-11269bcb5f16,release.immobilien,available,98,20,7,,,
0953893e-4c60-41cb-9ec5-16a40ab5fe2b,release.in,resell,98,20,7,101domain GRS Ltd.,09/03/2006 20:37,09/03/2026 20:37
b8065272-3250-4cc4-b2ab-0ea5d67babe7,release.inc,premium,98,20,7,,,
517fed30-c090-475c-a7bc-d8a3e2fd3293,release.industries,available,98,20,7,,,
c8c973b2-3506-4dc0-beff-458ed44dfc73,release.ing,premium,98,20,7,,,
119fe9ec-0710-4c8b-8a91-fee5d768d391,release.institute,available,98,20,7,,,
094d701c-4def-418e-86db-ba17ead6e8b5,release.insure,available,98,20,7,,,
20e2cf71-5012-4ce6-95c7-2fad45c0da1d,release.investments,available,98,20,7,,,
687f4839-aae6-4cff-a516-74d98d91de2b,release.io,sold,98,20,7,1API GmbH,18/10/2011 02:41,18/10/2026 02:41
589aa6cf-8d32-4cb0-972c-f195e48d09f9,release.irish,available,98,20,7,,,
cb883644-16b8-444b-b724-3e7a6837ec9d,release.jetzt,available,98,20,7,,,
90b0c70e-52f9-4007-942f-35cf15c7a98b,release.jewelry,available,98,20,7,,,
b8cdfba8-7f21-4bb1-9beb-066902a8c67e,release.juegos,available,98,20,7,,,
350db274-cf3d-4c08-a43e-df2dd24c2f08,release.kaufen,available,98,20,7,,,
c126bee0-dd73-407c-adfb-812d84729eaa,release.kids,premium,98,20,7,,,
41ee1f2c-5a53-4b6e-a7c6-69dc877f318e,release.kim,available,98,20,7,,,
74a102f1-0b01-4bde-93ba-500e99cc4cca,release.kitchen,available,98,20,7,,,
c7c4097d-fae6-433e-ad4b-6756913388ef,release.la,resell,98,20,7,LA Domain Names,22/06/2017 21:08,22/06/2026 23:59
879dd00e-c643-44ec-b1cf-5148f422d57a,release.land,available,98,20,7,,,
a0210892-c165-4c5a-94c9-be1e29557c95,release.lat,available,98,20,7,,,
c6444602-1d2e-4826-b43f-657d67fc4ec6,release.law,available,98,20,7,,,
0cdea3ae-6dce-4b14-ac3e-9fedc5af4ac1,release.lawyer,premium,98,20,7,,,
8cf0137f-bd5d-41ce-b495-9a07c5504667,release.lease,available,98,20,7,,,
64d77480-444a-4017-a751-9b312a925435,release.legal,available,98,20,7,,,
1a4cb590-871d-4f11-afa4-d2e8f1d38980,release.lgbt,available,98,20,7,,,
024f8a1f-0b2a-4ab6-a767-d38b740848a8,release.life,resell,98,20,7,Xin Net Technology Corporation,31/01/2020 08:56,31/01/2026 08:56
24877fc9-e793-4534-80df-6b3d32b10c21,release.lifestyle,available,98,20,7,,,
9a89552b-008c-4caf-94e7-5bd1f7970ce3,release.lighting,available,98,20,7,,,
9853948f-b301-401a-ae37-8f9573806495,release.limo,available,98,20,7,,,
c66d9c32-3a82-42c9-8de9-6b8a0d66daa2,release.live,resell,98,20,7,Dynadot Inc,28/06/2025 17:00,28/06/2026 17:00
33be2b8d-422d-48de-b0e8-07204668cc09,release.living,available,98,20,7,,,
42cd99a8-c58b-4c5d-adea-927e2c65c141,release.loan,premium,98,20,7,,,
efc27f38-d759-4226-a422-d5530155019c,release.loans,available,98,20,7,,,
e75dce93-1847-4120-9359-d1c8ea6efdbc,release.locker,available,98,20,7,,,
53ac1ab0-2d2d-4e9a-865e-e4babc556270,release.lol,resell,98,20,7,Dynadot LLC,01/03/2025 17:53,01/03/2026 23:59
46f4ac6c-1951-41c2-bd38-566a67f5f4c4,release.london,premium,98,20,7,,,
73d4b1fd-7c57-4b23-a400-f5fa3f3b1400,release.love,sold,98,20,7,"GMO Internet, Inc. d/b/a Onamae.com",11/08/2025 04:08,11/08/2026 04:08
2f5789a2-76f3-4df0-bea4-c0e642779072,release.ltda,available,98,20,7,,,
7056d86d-e4fe-4abb-a4e2-d0d9caf628f5,release.luxe,available,98,20,7,,,
b5024bd1-b61e-4bc3-a93d-b976a0ea0fe1,release.luxury,available,98,20,7,,,
2da16ea1-4a4a-444c-933b-773608588462,release.maison,available,98,20,7,,,
fa28c776-d9ee-4589-b89d-a6ab6c75c74a,release.management,resell,98,20,7,Dynadot Inc,24/06/2015 16:00,24/06/2026 16:00
28781a52-4760-4a60-b269-0038e2ee64aa,release.mba,available,98,20,7,,,
487272ab-5c05-4153-b0ce-f69b89037c24,release.melbourne,available,98,20,7,,,
124c1021-9b14-41ea-a606-56c2e5c00fbd,release.meme,premium,98,20,7,,,
bdeca275-33e1-4eee-9cc4-2a0cc63507b9,release.memorial,available,98,20,7,,,
c0687f70-ce5f-4329-8a8c-c89cf15af166,release.men,premium,98,20,7,,,
d574cd57-71da-466e-af01-d54d5172b1fa,release.menu,available,98,20,7,,,
1ab61296-2cfd-4820-805a-17c1cf4f4409,release.miami,premium,98,20,7,,,
02402328-802c-4b6f-8074-4cc935ed978c,release.mobi,available,98,20,7,,,
55401167-1c75-4420-80a3-e6484ba44927,release.moda,available,98,20,7,,,
3eb6e980-f862-4dca-8639-a0dbe6ec3feb,release.moe,available,98,20,7,,,
f802c517-b7fe-4ad2-b73c-427187b89007,release.mom,sold,98,20,7,"Spaceship, Inc.",18/11/2025 21:20,18/11/2026 23:59
88010c00-69ce-4c83-b38f-87eabec54027,release.monster,expiring,98,20,7,"Domain.com, LLC",03/01/2020 12:19,03/01/2026 23:59
edea5a64-c4b9-4185-a4c7-c6740dbd0b86,release.mortgage,premium,98,20,7,,,
1f31d2ab-de4d-4ce9-bbaa-9e92cba8ecbb,release.motorcycles,available,98,20,7,,,
84c19a17-087e-4f44-952c-eebb72a3905c,release.mov,premium,98,20,7,,,
487629d2-c98e-4505-8b9c-8be52eb65b56,release.movie,available,98,20,7,,,
d2143fc8-19a4-4e40-b3a8-15f9a78217ec,release.music,premium,98,20,7,,,
7e9aa334-b000-46df-8933-662186de82fe,release.mx,available,98,20,7,,,
3afcd926-1e8d-40d9-85cb-f5bedbca1f39,release.navy,available,98,20,7,,,
dd347631-713b-4f5a-8437-7b8203fb5bc1,release.nexus,premium,98,20,7,,,
f6362c97-c5dc-4160-bd80-b2e28bc89110,release.ngo,available,98,20,7,,,
b0238575-9b04-4707-a65b-d3f34d8973f1,release.nyc,resell,98,20,7,"Global Domains International, Inc. DBA DomainCostClub.com",04/09/2020 14:19,04/09/2027 14:19
31bf9274-d913-4ea0-8c4d-07405e9b94a1,release.observer,sold,98,20,7,Cloudflare,12/11/2025 13:14,12/11/2026 13:14
2d113e49-b9e2-47e5-bdd1-ba3f07197864,release.ong,available,98,20,7,,,
008d56e8-98d5-446b-8054-bce6aceadebe,release.onl,available,98,20,7,,,
723c350b-e414-4d2f-878c-1fe2cd8bc92f,release.online,premium,98,20,7,,,
7ece76b7-7a98-4234-949b-e57c6e327e3d,release.ooo,resell,98,20,7,"Name.com, Inc",26/10/2025 03:59,26/10/2026 23:59
2af01dd5-a2a8-4674-94e8-b691e03780ad,release.org,resell,98,20,7,"Sav.com, LLC",30/06/2001 10:35,30/06/2027 10:35
e74656a7-3dd4-4536-b2cf-fcd00127d04d,release.organic,available,98,20,7,,,
c2a32d92-85af-4623-b5de-9ec4c335b15d,release.osaka,available,98,20,7,,,
f2b427d9-b8a4-496a-a5ea-e1b72e7ecaef,release.partners,available,98,20,7,,,
ffab4c86-2edf-4db8-ae58-dff4ac3a3519,release.parts,available,98,20,7,,,
08c370c4-a2c8-4721-a5f7-56a3017691ef,release.party,premium,98,20,7,,,
cb6c6719-d0c2-4afe-88b2-be329b5856ce,release.pet,available,98,20,7,,,
885e7a0e-3d80-49dc-b26e-91b3cd52b77e,release.phd,premium,98,20,7,,,
1b95df73-06d6-42f6-a4ba-8ad6784da7a3,release.photo,available,98,20,7,,,
17a066c2-9b8e-4c17-9ce0-05a9d7be7521,release.photography,available,98,20,7,,,
92b402ce-a0ac-4c78-8566-ea7421b81c0a,release.pics,sold,98,20,7,Namecheap,24/10/2025 07:59,24/10/2026 23:59
2b005952-a860-4dcf-a6ba-cb839c204964,release.pink,available,98,20,7,,,
3fd1b350-d2fe-43f2-8a6c-41f1cd81823e,release.pizza,available,98,20,7,,,
d4ad18e7-d351-4034-ab69-94a8cb4bb94b,release.place,available,98,20,7,,,
652bce75-10e5-43d9-8c73-4a9ac73c3824,release.plumbing,available,98,20,7,,,
f9fb1320-e30c-4eb2-bff3-f1fc6c7b309d,release.poker,available,98,20,7,,,
e0009aff-65fb-476c-bddf-b9cf00f4e638,release.porn,available,98,20,7,,,
bb84389a-faec-4837-b73c-bdf880fb6853,release.press,premium,98,20,7,,,
e33c9dba-52b8-47c4-9a38-6361f07b38cb,release.pro,sold,98,20,7,"Chengdu West Dimension Digital Technology Co., Ltd.",03/04/2021 14:31,03/04/2027 14:31
31cad916-1a76-4b4a-a642-a6d608d3ac8f,release.productions,available,98,20,7,,,
9c9b1957-bc62-4d07-a7dc-4db46c846263,release.prof,premium,98,20,7,,,
dea133ee-ac75-46e3-aa25-a79de6cf68ba,release.properties,available,98,20,7,,,
fdc50bdd-2020-406f-b76f-9f10ba2a4bda,release.property,premium,98,20,7,,,
6ed0acd4-bfed-4b5c-be32-a4c15c49afee,release.protection,available,98,20,7,,,
5efd7761-4650-4f38-a8e6-aa451d15086b,release.pw,premium,98,20,7,,,
4f2d0860-b84f-4358-9e76-c8ec16e08592,release.qpon,available,98,20,7,,,
16bb2b20-cabf-4a5d-84b6-4e331cbec119,release.quest,available,98,20,7,,,
1dd172e7-9384-4769-b9b9-ee86c3247cdd,release.racing,premium,98,20,7,,,
cd7ef738-d8a0-48e2-8fba-1fc2caefedbf,release.realty,available,98,20,7,,,
e785dda6-0347-455c-ab73-a6ebd4ad4e99,release.recipes,available,98,20,7,,,
be5d2fe5-4bde-425d-a83c-46f55202496f,release.red,available,98,20,7,,,
b2dc22b3-c613-49e9-bafb-33f4f4ba729b,release.rehab,available,98,20,7,,,
8ad0ed21-75f3-4e21-8fbe-90d30170b61e,release.reise,available,98,20,7,,,
f1a599ed-2080-4204-8ed7-4e28103327c5,release.reisen,available,98,20,7,,,
d62e4c13-7ec0-4266-9eee-3cf2e5953641,release.rentals,available,98,20,7,,,
f808acc2-87c3-4ac9-8bf3-7e8f72753989,release.repair,available,98,20,7,,,
6167c6aa-ca0e-4c59-9852-6563e63b4490,release.republican,available,98,20,7,,,
e0b0e6c0-00e3-4276-a608-d88e5f2a156e,release.rest,available,98,20,7,,,
ba8ff97b-0572-4c72-a89e-4a9d91a52490,release.restaurant,available,98,20,7,,,
ed80815e-0b21-4b62-b907-c57f5539a7fb,release.review,premium,98,20,7,,,
780f034f-53b7-4393-bde7-bb38a22329dc,release.rich,available,98,20,7,,,
a239e60c-03a6-47e0-b407-5837b1ece26d,release.rip,available,98,20,7,,,
563b5a34-9c42-40af-82f6-5c92814f3643,release.rocks,available,98,20,7,,,
c4bbb46a-0685-403e-8de3-a66391cc5589,release.rsvp,premium,98,20,7,,,
727d4b42-4920-4077-8018-843726bb0bbc,release.sale,available,98,20,7,,,
1ac510d8-4983-4749-9df4-8d4e0ad66254,release.salon,available,98,20,7,,,
d2cc1c16-b4c5-42ea-b980-94819023c934,release.sarl,available,98,20,7,,,
28cff966-4cb7-4cf9-a4e1-fd0640db056e,release.school,available,98,20,7,,,
e70a5802-e208-41a4-839d-0446496cdf9c,release.schule,available,98,20,7,,,
42ede758-4e3a-48a5-be45-1f73a51fbf8d,release.science,premium,98,20,7,,,
c5c17ee3-464d-4a3e-8934-66643860a3c5,release.security,available,98,20,7,,,
8ee7900f-abe3-4941-a548-4e0bf2ffe316,release.services,resell,98,20,7,"GoDaddy.com, LLC",08/10/2016 06:15,08/10/2026 06:15
3553fe02-9af7-4c55-ac7a-16ff932523c9,release.sexy,available,98,20,7,,,
c73164de-b0c8-405f-8319-5ef31e56373c,release.shiksha,available,98,20,7,,,
b78837ca-24bf-40d4-b1a9-f5c86e67e9b8,release.shoes,available,98,20,7,,,
5afb32b2-87b0-4dd1-86b0-bd56c39ef288,release.show,resell,98,20,7,"Xiamen ChinaSource Internet Service Co., Ltd",12/05/2025 15:15,12/05/2026 15:15
52e4615d-4e3c-496a-a6ed-de642b83bfbf,release.singles,available,98,20,7,,,
81e76f72-32d5-4672-99a9-c55ab9d5e628,release.site,premium,98,20,7,,,
db41f68d-4e9a-4137-a939-4a2e2013d943,release.ski,available,98,20,7,,,
b21c2a13-3eac-4a82-bdd0-ec8cd154c599,release.skin,expiring,98,20,7,Namecheap,14/12/2024 11:31,14/12/2025 23:59
9a2018a5-dc96-476e-9be1-96055be9a8b9,release.so,resell,98,20,7,NameCheap,08/09/2022 02:31,08/09/2025 02:31
6a3842bd-0092-4934-ac5d-81ed084fb269,release.soccer,available,98,20,7,,,
3001d5e0-25d2-448c-a3c0-42f292bdeac2,release.software,premium,98,20,7,,,
f5dd8a8b-0074-4d34-bb70-e5670ad8cff6,release.solar,available,98,20,7,,,
52bf83b9-9b5a-44cf-9e6b-d89921348dc8,release.solutions,available,98,20,7,,,
fe4c1780-f891-4a57-bbd9-9fcc3f9afd2e,release.soy,premium,98,20,7,,,
93f1ea22-096e-4863-b4f1-d163c820332d,release.space,premium,98,20,7,,,
9d21cbba-9d02-44cb-a023-17862a6c87db,release.spot,premium,98,20,7,,,
cf6c6a8d-e2c1-4ba8-956c-d2420c8cb769,release.srl,available,98,20,7,,,
8db44a94-f8ba-4a79-b94b-b109725ddf60,release.storage,available,98,20,7,,,
29677759-8b41-4b65-9307-58cf00c76700,release.store,premium,98,20,7,,,
f08c128f-4d15-4f5c-9bca-bafd338d0f6e,release.study,premium,98,20,7,,,
114206a8-6aab-4304-b926-5a2d063d3e40,release.style,available,98,20,7,,,
87b42314-5c4d-4d44-9b76-3388a250fb12,release.sucks,premium,98,20,7,,,
c15b1de1-bf5c-4fe7-848a-53d0d1b38472,release.supplies,available,98,20,7,,,
1720da28-3244-4d52-8b40-6fc7e1f555f5,release.supply,available,98,20,7,,,
12477ca0-e8e5-4724-b210-71bd7de0140b,release.support,available,98,20,7,,,
685a1cf4-8551-4687-b7fa-00b7226e1628,release.surgery,available,98,20,7,,,
9d613730-0cc7-4861-af4d-714cab490851,release.sydney,available,98,20,7,,,
0403906e-0e1e-4583-a934-110625eeb823,release.systems,available,98,20,7,,,
e25da600-fffb-48ff-876d-f5031e3bc087,release.talk,premium,98,20,7,,,
12810181-315c-4cc5-a43e-302ce22236fd,release.tattoo,available,98,20,7,,,
5cfea6a5-bae6-42ba-ba8b-0212b40fa1e0,release.tax,available,98,20,7,,,
dd06b0dd-05c5-4f09-b74d-6d5793958e23,release.taxi,available,98,20,7,,,
4f52ca95-056f-484c-8dc7-bf8265db28ce,release.team,resell,98,20,7,"DNSPod, Inc.",16/03/2020 22:58,16/03/2026 22:58
edb3491d-0add-4ffb-b28e-fac2b427a852,release.tech,premium,98,20,7,,,
3a01ff42-a266-4d5e-bd85-6f1feb804d0c,release.technology,available,98,20,7,,,
a26f6985-b6e1-4432-aed8-9a177ce6dfed,release.tel,available,98,20,7,,,
1738f83e-2440-4350-9e4e-b933f6cc15b3,release.tennis,available,98,20,7,,,
907c910a-2118-4f84-9479-e91438830952,release.theater,available,98,20,7,,,
f2cd24ba-8a5b-4318-b181-c9cbc1956fd4,release.theatre,available,98,20,7,,,
cf0f323a-57c3-4343-9f9d-c0d6f3349941,release.tickets,available,98,20,7,,,
7dcd7fc9-f553-4fb6-97c5-1632ad83b76e,release.tienda,available,98,20,7,,,
b95c21d3-5a50-4414-a10f-98e6faf1bbe8,release.tips,available,98,20,7,,,
e3384183-e25e-4146-bd54-c52af4c4d888,release.tires,available,98,20,7,,,
6d72fe03-f330-4964-ae8c-4c0e04c8f224,release.to,resell,98,20,7,Government of Kingdom of Tonga,29/10/2021 02:27,03/11/2026 10:44
ee4d18e7-3776-4502-8dd0-ca7ee2dc3efb,release.tools,sold,98,20,7,Porkbun LLC,29/08/2023 08:12,29/08/2026 08:12
6ab42835-f50c-46ae-824a-9c7b892e949f,release.tours,available,98,20,7,,,
4fb452c3-1e85-4bc3-8557-f31743af4485,release.town,available,98,20,7,,,
c2cc4035-1fd2-42c7-b2ce-627ccee1629d,release.toys,available,98,20,7,,,
a2424ea9-7a0b-4179-a9a4-d9827a5500ba,release.trade,premium,98,20,7,,,
76143f83-2f66-4275-bef4-33df62426de2,release.travel,available,98,20,7,,,
a1e6766c-ad72-4bcf-ae59-aa69c90a2d8e,release.tube,available,98,20,7,,,
9fc3c61c-fd05-430e-9fb9-932ef203a35e,release.tv,premium,98,20,7,,,
f554c01c-b2f4-40be-9e83-6760912ed3fa,release.uk,sold,98,20,7,Christopher Clark t/a Brand Selection - Domain Names For Sale,29/09/2017 13:00,29/09/2026 13:00
f8018e0e-8211-4d9c-b108-4eb0984c50ba,release.university,available,98,20,7,,,
e163d003-fd9b-4632-87e0-1b4e61175eda,release.uno,premium,98,20,7,,,
2732da7d-87d9-47bb-a489-779d5d42412a,release.us,resell,98,20,7,"Global Domains International, Inc. DBA DomainCostClub.com",10/07/2013 18:05,09/07/2027 23:59
dfa0d0f9-b7c4-4f5f-bf92-7d591b892246,release.vacations,available,98,20,7,,,
07e47083-7b00-4363-80bf-b0e44dde2fb2,release.vana,available,98,20,7,,,
5b6954e7-c04f-4e60-8533-2dd333892666,release.vc,sold,98,20,7,Dynadot Inc,11/09/2024 07:20,11/09/2026 07:20
358b834f-f279-4dab-9f86-2bf61f2dd4fe,release.vegas,available,98,20,7,,,
3802b43c-2693-422e-a4e3-ba53ef13bca6,release.ventures,available,98,20,7,,,
8f99dda9-00d3-4f2c-ad99-6a0a84b426c4,release.vet,available,98,20,7,,,
18938e4c-a595-46aa-93c9-a1ee0bccf3f0,release.viajes,available,98,20,7,,,
85f670b1-04a6-4be6-9eab-038c8bad0a5f,release.video,premium,98,20,7,,,
c205444a-7ea0-4caa-a82d-4596e72dc9f1,release.villas,available,98,20,7,,,
50de3d7d-539e-4cbe-bab5-0590848c16aa,release.vin,available,98,20,7,,,
05d46aad-aadc-4ec3-bfe9-9e56ff6d2998,release.vision,available,98,20,7,,,
4e5eaaad-a1b8-40ab-9765-84e3029e8038,release.vodka,available,98,20,7,,,
32e3101e-d04d-4584-8e0a-339ada3b49cd,release.vote,available,98,20,7,,,
276765d0-1eea-459a-ba5b-604c714342a7,release.voting,available,98,20,7,,,
d300ab28-5eb1-4979-9d09-f632f9571f33,release.voto,available,98,20,7,,,
e1219aa4-3ab0-49d1-a350-519607de988a,release.voyage,available,98,20,7,,,
04d132ec-cc67-436c-9f32-a96dd01491a4,release.watch,premium,98,20,7,,,
1db3cb6e-3900-4373-a089-7925143b8a3a,release.webcam,premium,98,20,7,,,
bd4137f9-85b0-48e4-a66e-764651bbd907,release.wedding,available,98,20,7,,,
38dfb994-370e-453a-a908-73c76c80dee0,release.win,premium,98,20,7,,,
8fe459db-1392-4202-a7d6-eb5a523eb648,release.wine,available,98,20,7,,,
bf637444-1e92-4ec2-8e57-58aa99cea244,release.work,premium,98,20,7,,,
533a1feb-970e-4c63-9d93-736e16130861,release.wtf,available,98,20,7,,,
a69ea949-fc9d-4b31-b625-b16e7514c98d,release.xyz,sold,98,20,7,Dynadot LLC,28/10/2015 01:08,28/10/2029 23:59
783e9fbf-355d-47f8-a829-2b11cded321c,release.yachts,available,98,20,7,,,
0a675738-d018-497a-b832-38062dca8486,release.yoga,sold,98,20,7,"NameCheap, Inc.",16/08/2024 08:10,16/08/2026 08:10
afa81a1b-498c-492f-b5c8-3463d8451efb,release.zip,premium,98,20,7,,,
c628a230-2ee3-48b1-b6f6-abbaaecea34a,branded.systems,expiring,72,20,7,Dynadot Inc,28/12/2019 16:20,28/12/2025 16:20
63512c00-821b-43f4-a169-9da2c6b2245b,branded.talk,available,72,20,7,,,
197cab9b-eb25-4a8e-b82f-2794f3aa9460,branded.tattoo,available,72,20,7,,,
ce761165-c558-4653-b83a-4cded48a138f,branded.tax,available,72,20,7,,,
ad7852ce-2ba2-4856-89c5-4a484ffdfc3c,branded.taxi,available,72,20,7,,,
b913c375-1736-49c8-a750-b6a334544c70,branded.tel,resell,72,20,7,Dynadot Inc,24/03/2025 20:50,24/03/2026 20:50
818c0bc9-236e-4a43-a51c-4075cd37526c,branded.tennis,available,72,20,7,,,
fb49941b-c444-482d-9441-f8f7669a6165,branded.theater,available,72,20,7,,,
6d6b24e8-d4a5-4938-95e2-ae19189b4498,branded.theatre,available,72,20,7,,,
55f8c458-2e19-4d3c-9e72-2e794f6f1f53,branded.tickets,available,72,20,7,,,
5b2bb758-e8aa-4cf4-ae00-d0e1031205b1,branded.tienda,available,72,20,7,,,
cb081956-50d4-4e3b-b1cb-f581847c19a8,branded.tips,available,72,20,7,,,
8e8437fd-430a-4520-90a3-76784caa6589,branded.tires,available,72,20,7,,,
35aa7d0e-e82e-4489-b341-8dae6f74ba60,branded.to,available,72,20,7,,,